Date,DKK,EUR,GBP,ISK,NOK,SEK,CHF,USD,CAD,AUD,EGP,TRL,JPY,SGD,KWD,RUB,AZM,BYR,EEK,LVL,LTL,AMD,UAH,KZT,ATS,BEF,DEM,NLG,ITL,FIM,FRF,ESP,GRD,IEP,LUF,PTE
01-Jan-01,,,2.9455,,,,1.2065,1.975,,,,,,,,0.0693,,,,,,0.3579,3.6345,,,,0.928,,0.9374,,,,,,,
02-Jan-01,,,2.9455,,,,1.2065,1.975,,,,,,,,0.0693,,,,,,0.3579,3.6345,,,,0.928,,0.9374,,,,,,,
03-Jan-01,,,2.9455,,,,1.2065,1.975,,,,,,,,0.0693,,,,,,0.3579,3.6345,,,,0.928,,0.9374,,,,,,,
04-Jan-01,,,2.9455,,,,1.2065,1.975,,,,,,,,0.0693,,,,,,0.3579,3.6345,,,,0.928,,0.9374,,,,,,,
05-Jan-01,,,2.9641,,,,1.2225,1.99,,,,,,,,0.0697,,,,,,0.3606,3.6617,,,,0.9746,,0.9844,,,,,,,
06-Jan-01,,,2.9773,,,,1.222,1.98,,,,,,,,0.0697,,,,,,0.3576,3.6437,,,,0.9715,,0.9813,,,,,,,
07-Jan-01,,,2.9773,,,,1.222,1.98,,,,,,,,0.0697,,,,,,0.3576,3.6437,,,,0.9715,,0.9813,,,,,,,
08-Jan-01,,,2.9773,,,,1.222,1.98,,,,,,,,0.0697,,,,,,0.3576,3.6437,,,,0.9715,,0.9813,,,,,,,
09-Jan-01,,,3.0074,,,,1.2504,2,,,,,,,,0.0704,,,,,,0.3612,3.6806,,,,0.9868,,0.9968,,,,,,,
10-Jan-01,,,3.0361,,,,1.2609,2.03,,,,,,,,0.0714,,,,,,0.3666,3.7358,,,,0.9808,,0.9907,,,,,,,
11-Jan-01,,,3.0198,,,,1.2583,2.03,,,,,,,,0.069,,,,,,0.3666,3.7355,,,,0.9868,,0.9968,,,,,,,
12-Jan-01,,,3.0268,,,,1.2531,2.0351,,,,,,,,0.0716,,,,,,0.3675,3.7452,,,,0.9781,,0.988,,,,,,,
13-Jan-01,,,3.0607,,,,1.2693,2.0421,,,,,,,,0.0721,,,,,,0.3688,3.7584,,,,0.997,,1.0071,,,,,,,
14-Jan-01,,,3.0607,,,,1.2693,2.0421,,,,,,,,0.0721,,,,,,0.3688,3.7584,,,,0.997,,1.0071,,,,,,,
15-Jan-01,,,3.0607,,,,1.2693,2.0421,,,,,,,,0.0721,,,,,,0.3688,3.7584,,,,0.997,,1.0071,,,,,,,
16-Jan-01,,,3.01,,,,1.2535,2.04,,,,,,,,0.072,,,,,,0.3684,3.755,,,,0.9854,,0.9953,,,,,,,
17-Jan-01,,,2.9985,,,,1.2377,2.03,,,,,,,,0.0717,,,,,,0.3666,3.7364,,,,0.9754,,0.9853,,,,,,,
18-Jan-01,,,2.9732,,,,1.2384,2.02,,,,,,,,0.0712,,,,,,0.3631,3.6531,,,,0.9715,,0.9813,,,,,,,
19-Jan-01,,,2.9645,,,,1.2241,2.01,,,,,,,,0.0708,,,,,,0.3621,3.6996,,,,0.9623,,0.9721,,,,,,,
20-Jan-01,,,2.9645,,,,1.2241,2.01,,,,,,,,0.0708,,,,,,0.3621,3.6996,,,,0.9623,,0.9721,,,,,,,
21-Jan-01,,,2.9645,,,,1.2241,2.01,,,,,,,,0.0708,,,,,,0.3621,3.6996,,,,0.9623,,0.9721,,,,,,,
22-Jan-01,,,2.9645,,,,1.2241,2.01,,,,,,,,0.0708,,,,,,0.3621,3.6996,,,,0.9623,,0.9721,,,,,,,
23-Jan-01,,,2.9312,,,,1.225,2,,,,,,,,0.0705,,,,,,0.3616,3.6667,,,,0.9571,,0.9668,,,,,,,
24-Jan-01,,,2.9656,,,,1.2409,2.02,,,,,,,,0.0711,,,,,,0.3652,3.7186,,,,0.9561,,0.9658,,,,,,,
25-Jan-01,,,2.9639,,,,1.2348,2.02,,,,,,,,0.0711,,,,,,0.3647,3.719,,,,0.9664,,0.9762,,,,,,,
26-Jan-01,,,2.9644,,,,1.2347,2.02,,,,,,,,0.0711,,,,,,0.3647,3.719,,,,0.9663,,0.9761,,,,,,,
27-Jan-01,,,2.9409,,,,1.2205,2.015,,,,,,,,0.071,,,,,,0.3647,3.7088,,,,0.951,,0.9606,,,,,,,
28-Jan-01,,,2.9409,,,,1.2205,2.015,,,,,,,,0.071,,,,,,0.3647,3.7088,,,,0.951,,0.9606,,,,,,,
29-Jan-01,,,2.9409,,,,1.2205,2.015,,,,,,,,0.071,,,,,,0.3647,3.7088,,,,0.951,,0.9606,,,,,,,
30-Jan-01,,,2.9516,,,,1.2214,2.02,,,,,,,,0.0712,,,,,,0.3635,3.719,,,,0.9642,,0.974,,,,,,,
31-Jan-01,,,2.9522,,,,1.2219,2.025,,,,,,,,0.0714,,,,,,0.3644,3.7296,,,,0.9715,,0.9813,,,,,,,
01-Feb-01,,,2.9377,,,,1.2159,2.015,,,,,,,,0.071,,,,,,0.3626,3.7111,,,,0.9444,,0.954,,,,,,,
02-Feb-01,,,2.9739,,,,1.2426,2.025,,,,,,,,0.0711,,,,,,0.3653,3.73,,,,0.9738,,0.9836,,,,,,,
03-Feb-01,,,3.0139,,,,1.2515,2.04,,,,,,,,0.0717,,,,,,0.3684,3.7431,,,,0.9797,,0.9896,,,,,,,
04-Feb-01,,,3.0139,,,,1.2515,2.04,,,,,,,,0.0717,,,,,,0.3684,3.7431,,,,0.9797,,0.9896,,,,,,,
05-Feb-01,,,3.0139,,,,1.2515,2.04,,,,,,,,0.0717,,,,,,0.3684,3.7431,,,,0.9797,,0.9896,,,,,,,
06-Feb-01,,,3,,,,1.2444,2.04,,,,,,,,0.0717,,,,,,0.3684,3.7566,,,,0.9798,,0.9897,,,,,,,
07-Feb-01,,,2.9847,,,,1.2366,2.03,,,,,,,,0.0714,,,,,,0.3668,3.7248,,,,0.9712,,0.981,,,,,,,
08-Feb-01,,,2.9603,,,,1.2253,2.03,,,,,,,,0.0713,,,,,,0.3668,3.7132,,,,0.9851,,0.995,,,,,,,
09-Feb-01,,,2.972,,,,1.2368,2.065,,,,,,,,0.0718,,,,,,0.3703,3.766,,,,0.981,,0.9909,,,,,,,
10-Feb-01,,,2.9823,,,,1.2381,2.065,,,,,,,,0.0723,,,,,,0.374,3.8031,,,,0.9703,,0.9801,,,,,,,
11-Feb-01,,,2.9823,,,,1.2381,2.065,,,,,,,,0.0723,,,,,,0.374,3.8031,,,,0.9703,,0.9801,,,,,,,
12-Feb-01,,,2.9823,,,,1.2381,2.065,,,,,,,,0.0723,,,,,,0.374,3.8031,,,,0.9703,,0.9801,,,,,,,
13-Feb-01,,,2.9292,,,,1.2498,2.065,,,,,,,,0.072,,,,,,0.3738,3.8598,,,,0.9799,,0.9898,,,,,,,
14-Feb-01,,,2.9984,,,,1.248,2.065,,,,,,,,0.072,,,,,,0.3737,3.796,,,,0.9821,,0.992,,,,,,,
15-Feb-01,,,2.9982,,,,1.2359,2.064,,,,,,,,0.072,,,,,,0.3736,3.8016,,,,0.9705,,0.9803,,,,,,,
16-Feb-01,,,3.0108,,,,1.2377,2.065,,,,,,,,0.072,,,,,,0.3737,3.7946,,,,0.9704,,0.9802,,,,,,,
17-Feb-01,,,3.0166,,,,1.2257,2.07,,,,,,,,0.0722,,,,,,0.375,3.8126,,,,0.9661,,0.9758,,,,,,,
18-Feb-01,,,3.0166,,,,1.2257,2.07,,,,,,,,0.0722,,,,,,0.375,3.8126,,,,0.9661,,0.9758,,,,,,,
19-Feb-01,,,3.0166,,,,1.2257,2.07,,,,,,,,0.0722,,,,,,0.375,3.8126,,,,0.9661,,0.9758,,,,,,,
20-Feb-01,,,3.0046,,,,1.2371,2.075,,,,,,,,0.0724,,,,,,0.3759,3.8222,,,,0.9698,,0.9796,,,,,,,
21-Feb-01,,,3.0138,,,,1.2505,2.0825,,,,,,,,0.0726,,,,,,0.3772,3.8366,,,,0.9828,,0.9927,,,,,,,
22-Feb-01,,,3.1299,,,,1.353,2.165,,,,,,,,0.0749,,,,,,0.3922,3.9878,,,,1.0034,,1.0136,,,,,,,
23-Feb-01,,,3.0884,,,,1.2667,2.14,,,,,,,,0.0746,,,,,,0.3879,3.9424,,,,0.9765,,0.9864,,,,,,,
24-Feb-01,,,3.0085,,,,1.2283,2.08,,,,,,,,0.0725,,,,,,0.3771,3.8312,,,,0.9618,,0.9715,,,,,,,
25-Feb-01,,,3.0085,,,,1.2283,2.08,,,,,,,,0.0725,,,,,,0.3771,3.8312,,,,0.9618,,0.9715,,,,,,,
26-Feb-01,,,3.0085,,,,1.2283,2.08,,,,,,,,0.0725,,,,,,0.3771,3.8312,,,,0.9618,,0.9715,,,,,,,
27-Feb-01,,,2.9919,,,,1.2295,2.055,,,,,,,,0.0714,,,,,,0.3725,3.7856,,,,0.9642,,0.974,,,,,,,
28-Feb-01,,,2.9434,,,,1.208,2.0351,,,,,,,,0.0708,,,,,,0.37,3.7652,,,,0.9492,,0.9588,,,,,,,
01-Mar-01,,,2.9038,,,,1.203,2.015,,,,,,,,0.0701,,,,,,0.3664,3.7246,,,,0.9459,,0.9554,,,,,,,
02-Mar-01,,,2.949,,,,1.2223,2.04,,,,,,,,0.0712,,,,,,0.3737,3.7584,,,,0.997,,1.0071,,,,,,,
03-Mar-01,,,2.9989,,,,1.2479,2.06,,,,,,,,0.0718,,,,,,0.3773,3.7949,,,,0.9792,,0.9891,,,,,,,
04-Mar-01,,,2.9989,,,,1.2479,2.06,,,,,,,,0.0718,,,,,,0.3773,3.7949,,,,0.9792,,0.9891,,,,,,,
05-Mar-01,,,2.9989,,,,1.2479,2.06,,,,,,,,0.0718,,,,,,0.3773,3.7949,,,,0.9792,,0.9891,,,,,,,
06-Mar-01,,,3.0469,,,,1.258,2.075,,,,,,,,0.0724,,,,,,0.383,3.8284,,,,0.9886,,0.9986,,,,,,,
07-Mar-01,,,3.0378,,,,1.2547,2.075,,,,,,,,0.0724,,,,,,0.383,3.8355,,,,0.9667,,0.9765,,,,,,,
08-Mar-01,,,3.0529,,,,1.2609,2.075,,,,,,,,0.0724,,,,,,0.3828,3.8281,,,,0.9927,,1.0027,,,,,,,
09-Mar-01,,,3.0527,,,,1.2628,2.09,,,,,,,,0.0729,,,,,,0.3856,3.8554,,,,0.9934,,1.0034,,,,,,,
10-Mar-01,,,3.0738,,,,1.2665,2.09,,,,,,,,0.0729,,,,,,0.3856,3.8554,,,,0.9967,,1.0068,,,,,,,
11-Mar-01,,,3.0738,,,,1.2665,2.09,,,,,,,,0.0729,,,,,,0.3856,3.8554,,,,0.9967,,1.0068,,,,,,,
12-Mar-01,,,3.0738,,,,1.2665,2.09,,,,,,,,0.0729,,,,,,0.3856,3.8554,,,,0.9967,,1.0068,,,,,,,
13-Mar-01,,,3.0644,,,,1.2656,2.09,,,,,,,,0.0729,,,,,,0.3856,3.8547,,,,0.9964,,1.0064,,,,,,,
14-Mar-01,,,3.057,,,,1.2599,2.09,,,,,,,,0.0729,,,,,,0.3828,3.8561,,,,0.9903,,1.0003,,,,,,,
15-Mar-01,,,3.0129,,,,1.2357,2.08,,,,,,,,0.0725,,,,,,0.3787,3.8377,,,,0.9722,,0.9821,,,,,,,
16-Mar-01,,,3.0036,,,,1.2294,2.0799,,,,,,,,0.0725,,,,,,0.3786,3.8392,,,,0.9665,,0.9762,,,,,,,
17-Mar-01,,,2.9592,,,,1.2036,2.0799,,,,,,,,0.0718,,,,,,0.3743,3.801,,,,0.9451,,0.9546,,,,,,,
18-Mar-01,,,2.9592,,,,1.2036,2.06,,,,,,,,0.0718,,,,,,0.3743,3.801,,,,0.9451,,0.9546,,,,,,,
19-Mar-01,,,2.9592,,,,1.2036,2.06,,,,,,,,0.0718,,,,,,0.3743,3.801,,,,0.9451,,0.9546,,,,,,,
20-Mar-01,,,3.1462,,,,1.2023,2.06,,,,,,,,0.0719,,,,,,0.3753,3.8014,,,,0.9424,,0.9519,,,,,,,
21-Mar-01,,,2.9455,,,,1.2129,2.06,,,,,,,,0.065,,,,,,0.3762,3.8107,,,,0.9503,,0.9599,,,,,,,
22-Mar-01,,,2.9655,,,,1.2216,2.065,,,,,,,,0.072,,,,,,0.3767,3.8108,,,,0.9594,,0.9691,,,,,,,
23-Mar-01,,,2.95,,,,1.2065,2.065,,,,,,,,0.0712,,,,,,0.3721,3.7647,,,,0.9479,,0.9575,,,,,,,
24-Mar-01,,,2.9259,,,,1.1549,2.04,,,,,,,,0.0715,,,,,,0.3749,3.7913,,,,0.9357,,0.9451,,,,,,,
25-Mar-01,,,2.9259,,,,1.1549,2.053,,,,,,,,0.0715,,,,,,0.3749,3.7913,,,,0.9357,,0.9451,,,,,,,
26-Mar-01,,,2.9259,,,,1.1549,2.053,,,,,,,,0.0715,,,,,,0.3749,3.7913,,,,0.9357,,0.9451,,,,,,,
27-Mar-01,,,2.9249,,,,1.192,2.053,,,,,,,,0.0713,,,,,,0.3752,3.783,,,,0.9332,,0.9426,,,,,,,
28-Mar-01,,,2.9379,,,,1.195,2.05,,,,,,,,0.0713,,,,,,0.3756,3.7837,,,,0.9371,,0.9466,,,,,,,
29-Mar-01,,,2.9403,,,,1.1959,2.05,,,,,,,,0.0712,,,,,,0.3758,3.7834,,,,0.9373,,0.9467,,,,,,,
30-Mar-01,,,2.9586,,,,1.1938,2.05,,,,,,,,0.0716,,,,,,0.3778,3.802,,,,0.9339,,0.9434,,,,,,,
31-Mar-01,,,2.9409,,,,1.1894,2.06,,,,,,,,0.0716,,,,,,0.3778,3.8007,,,,0.9262,,0.9356,,,,,,,
01-Apr-01,,,2.9409,,,,1.1894,2.06,,,,,,,,0.0716,,,,,,0.3778,3.8007,,,,0.9262,,0.9356,,,,,,,
02-Apr-01,,,2.9409,,,,1.1894,2.06,,,,,,,,0.0716,,,,,,0.3778,3.8007,,,,0.9262,,0.9356,,,,,,,
03-Apr-01,,,2.9317,,,,1.1879,2.07,,,,,,,,0.0718,,,,,,0.3796,3.8188,,,,0.9261,,0.9354,,,,,,,
04-Apr-01,,,2.9404,,,,1.1957,2.07,,,,,,,,0.0717,,,,,,0.3796,3.8195,,,,0.9476,,0.9571,,,,,,,
05-Apr-01,,,2.9491,,,,1.2068,2.06,,,,,,,,0.0713,,,,,,0.3778,3.8007,,,,0.9425,,0.952,,,,,,,
06-Apr-01,,,2.8827,,,,1.2134,2.05,,,,,,,,0.071,,,,,,0.3759,3.783,,,,0.9593,,0.969,,,,,,,
07-Apr-01,,,2.923,,,,1.2024,2.0501,,,,,,,,0.071,,,,,,0.376,3.7828,,,,0.9388,,0.9483,,,,,,,
08-Apr-01,,,2.923,,,,1.2024,2.0501,,,,,,,,0.071,,,,,,0.376,3.7828,,,,0.9388,,0.9483,,,,,,,
09-Apr-01,,,2.923,,,,1.2024,2.0501,,,,,,,,0.071,,,,,,0.376,3.7828,,,,0.9388,,0.9483,,,,,,,
10-Apr-01,,,2.923,,,,1.2024,2.0501,,,,,,,,0.071,,,,,,0.376,3.7828,,,,0.9388,,0.9483,,,,,,,
11-Apr-01,,,2.9808,,,,1.2107,2.062,,,,,,,,0.0716,,,,,,0.3781,3.7974,,,,0.9446,,0.9542,,,,,,,
12-Apr-01,,,2.9573,,,,1.2032,2.063,,,,,,,,0.0715,,,,,,0.3783,3.8073,,,,0.938,,0.9475,,,,,,,
13-Apr-01,,,2.9465,,,,1.1974,2.05,,,,,,,,0.071,,,,,,0.3759,3.7837,,,,0.93,,0.9394,,,,,,,
14-Apr-01,,,2.9179,,,,1.1906,2.03,,,,,,,,0.0704,,,,,,0.3723,3.7471,,,,0.9259,,0.9353,,,,,,,
15-Apr-01,,,2.9179,,,,1.1906,2.03,,,,,,,,0.0704,,,,,,0.3723,3.7471,,,,0.9259,,0.9353,,,,,,,
16-Apr-01,,,2.9179,,,,1.1906,2.03,,,,,,,,0.0704,,,,,,0.3723,3.7471,,,,0.9259,,0.9353,,,,,,,
17-Apr-01,,,2.9179,,,,1.1906,2.03,,,,,,,,0.0704,,,,,,0.3723,3.7471,,,,0.9259,,0.9353,,,,,,,
18-Apr-01,,,2.9376,,,,1.1933,2.04,,,,,,,,0.0707,,,,,,0.3741,3.7778,,,,0.9282,,0.9376,,,,,,,
19-Apr-01,,,2.8878,,,,1.1671,2.02,,,,,,,,0.0699,,,,,,0.3704,3.7275,,,,0.9098,,0.919,,,,,,,
20-Apr-01,,,2.9297,,,,1.1865,2.05,,,,,,,,0.0709,,,,,,0.3759,3.7837,,,,0.9308,,0.9402,,,,,,,
21-Apr-01,,,2.9634,,,,1.2028,2.0501,,,,,,,,0.071,,,,,,0.376,3.7849,,,,0.9407,,0.9502,,,,,,,
22-Apr-01,,,2.9634,,,,1.2028,2.0501,,,,,,,,0.071,,,,,,0.376,3.7849,,,,0.9407,,0.9502,,,,,,,
23-Apr-01,,,2.9634,,,,1.2028,2.0501,,,,,,,,0.071,,,,,,0.376,3.7849,,,,0.9407,,0.9502,,,,,,,
24-Apr-01,,,2.9736,,,,1.2189,2.06,,,,,,,,0.0713,,,,,,0.3778,3.8033,,,,0.9532,,0.9628,,,,,,,
25-Apr-01,,,2.9641,,,,1.2088,2.0601,,,,,,,,0.0714,,,,,,0.3778,3.8036,,,,0.9453,,0.9549,,,,,,,
26-Apr-01,,,2.943,,,,1.199,2.052,,,,,,,,0.071,,,,,,0.3763,3.7884,,,,0.938,,0.9474,,,,,,,
27-Apr-01,,,2.96,,,,1.2026,2.055,,,,,,,,0.0712,,,,,,0.3769,3.7943,,,,0.9416,,0.9512,,,,,,,
28-Apr-01,,,2.9695,,,,1.2119,2.06,,,,,,,,0.0713,,,,,,0.3778,3.8033,,,,0.9526,,0.9622,,,,,,,
29-Apr-01,,,2.9695,,,,1.2119,2.06,,,,,,,,0.0713,,,,,,0.3778,3.8033,,,,0.9526,,0.9622,,,,,,,
30-Apr-01,,,2.9695,,,,1.2119,2.06,,,,,,,,0.0713,,,,,,0.3778,3.8033,,,,0.9526,,0.9622,,,,,,,
01-May-01,,,2.9422,,,,1.1887,2.05,,,,,,,,0.0708,,,,,,0.3736,3.7854,,,,0.9338,,0.9432,,,,,,,
02-May-01,,,2.9507,,,,1.189,2.061,,,,,,,,0.0712,,,,,,0.3756,3.8057,,,,0.9352,,0.9447,,,,,,,
03-May-01,,,2.9589,,,,1.1951,2.061,,,,,,,,0.0713,,,,,,0.3756,3.8057,,,,0.9416,,0.9511,,,,,,,
04-May-01,,,2.9501,,,,1.1934,2.055,,,,,,,,0.0709,,,,,,0.3744,3.7946,,,,0.9416,,0.9511,,,,,,,
05-May-01,0.2467,1.8408,2.9598,0.2017,0.2278,0.2016,1.1943,2.0635,1.3473,1.0699,0.5307,0.0179,0.1704,1.132,6.7217,0.0712,0.4506,0.0152,1.1773,3.2889,5.1599,0.3755,3.8103,0.1413,1.3384,4.5654,0.9416,8.3573,0.9511,3.0974,2.8075,1.1068,0.5404,2.3384,4.5653,9.1862
06-May-01,0.2467,1.8408,2.9598,0.2017,0.2278,0.2016,1.1943,2.0635,1.3473,1.0699,0.5307,0.0179,0.1704,1.132,6.7217,0.0712,0.4506,0.0152,1.1773,3.2889,5.1599,0.3755,3.8103,0.1413,1.3384,4.5654,0.9416,8.3573,0.9511,3.0974,2.8075,1.1068,0.5404,2.3384,4.5653,9.1862
07-May-01,0.2467,1.8408,2.9598,0.2017,0.2278,0.2016,1.1943,2.0635,1.3473,1.0699,0.5307,0.0179,0.1704,1.132,6.7217,0.0712,0.4506,0.0152,1.1773,3.2889,5.1599,0.3755,3.8103,0.1413,1.3384,4.5654,0.9416,8.3573,0.9511,3.0974,2.8075,1.1068,0.5404,2.3384,4.5653,9.1862
08-May-01,0.2455,1.8322,2.9505,0.203,0.2273,0.2014,1.1871,2.055,1.3399,1.0636,0.531,0.0183,0.1694,1.1261,6.6922,0.0709,0.4446,0.0151,1.1718,3.2733,5.14,0.3735,3.7946,0.1406,1.3322,4.5445,0.9373,8.3191,0.9468,3.0833,2.7947,1.1018,0.538,2.3272,4.5445,9.1443
09-May-01,0.2441,1.8221,2.9468,0.203,0.226,0.1999,1.1822,2.055,1.3325,1.064,0.5303,0.0179,0.169,1.1263,6.6879,0.0709,0.4443,0.0151,1.1646,3.2665,5.1398,0.3731,3.788,0.1405,1.3243,4.5175,0.9317,8.2696,0.9411,3.065,2.7781,1.0952,0.5348,2.3133,4.5175,9.0901
10-May-01,0.2441,1.8221,2.9468,0.203,0.226,0.1999,1.1822,2.055,1.3325,1.064,0.5303,0.0179,0.169,1.1263,6.6879,0.0709,0.4443,0.0151,1.1646,3.2665,5.1398,0.3731,3.788,0.1405,1.3243,4.5175,0.9317,8.2696,0.9411,3.065,2.7781,1.0952,0.5348,2.3133,4.5175,9.0901
11-May-01,0.2443,1.8226,2.9232,0.2115,0.2261,0.2012,1.1842,2.056,1.3356,1.0771,0.5326,0.018,0.1682,1.1304,6.687,0.0709,0.4445,0.0151,1.1654,3.264,5.1425,0.3729,3.7973,0.1406,1.3254,4.5212,0.9325,8.2763,0.9419,3.0675,2.7804,1.0961,0.5352,2.3144,4.5212,9.0973
12-May-01,0.2431,1.8148,2.9277,0.2099,0.2257,0.2013,1.1809,2.0595,1.3356,1.0783,0.5297,0.0179,0.1678,1.1353,6.6953,0.0711,0.4454,0.0151,1.1596,3.2649,5.1493,0.3719,3.8036,0.1407,1.3199,4.5024,0.9286,8.2353,0.9372,3.0547,2.7688,1.0915,0.5325,2.3033,4.4988,9.0523
13-May-01,0.2431,1.8148,2.9277,0.2099,0.2257,0.2013,1.1809,2.0595,1.3356,1.0783,0.5297,0.0179,0.1678,1.1353,6.6953,0.0711,0.4454,0.0151,1.1596,3.2649,5.1493,0.3719,3.8036,0.1407,1.3199,4.5024,0.9286,8.2353,0.9372,3.0547,2.7688,1.0915,0.5325,2.3033,4.4988,9.0523
14-May-01,0.2431,1.8148,2.9277,0.2099,0.2257,0.2013,1.1809,2.0595,1.3356,1.0783,0.5297,0.0179,0.1678,1.1353,6.6953,0.0711,0.4454,0.0151,1.1596,3.2649,5.1493,0.3719,3.8036,0.1407,1.3199,4.5024,0.9286,8.2353,0.9372,3.0547,2.7688,1.0915,0.5325,2.3033,4.4988,9.0523
15-May-01,0.2413,1.8002,2.9193,0.21,0.2248,0.201,1.1744,2.0595,1.3295,1.069,0.5314,0.018,0.1679,1.1348,6.6908,0.0709,0.4452,0.0151,1.151,3.2587,5.1493,0.3718,3.8033,0.1407,1.309,4.4651,0.9209,8.1735,0.9302,3.0294,2.7459,1.0825,0.5286,2.2858,4.4651,8.9844
16-May-01,0.2425,1.808,2.9324,0.2091,0.226,0.2009,1.1807,2.067,1.3308,1.0686,0.5327,0.0181,0.1677,1.1362,6.7136,0.0711,0.4468,0.0152,1.1556,3.2747,5.1693,0.3729,3.8203,0.1415,1.3148,4.4849,0.925,8.2098,0.9343,3.0429,2.7581,1.0873,0.5309,2.296,4.4849,9.0246
17-May-01,0.2446,1.8252,2.9504,0.2084,0.2275,0.2023,1.1911,2.0709,1.34,1.0816,0.5331,0.0182,0.1671,1.1423,6.728,0.0713,0.4479,0.0152,1.167,3.2866,5.1776,0.3735,3.8314,0.1417,1.327,4.5268,0.9336,8.2865,0.9431,3.0713,2.7839,1.0975,0.5359,2.3173,4.5268,9.1084
18-May-01,0.2465,1.8388,2.9708,0.2083,0.2295,0.2033,1.1996,2.0785,1.3513,1.0908,0.5364,0.0186,0.1689,1.1495,6.7565,0.0714,0.4494,0.0153,1.1759,3.3076,5.1963,0.3741,3.8448,0.1423,1.3368,4.5599,0.9405,8.3471,0.95,3.0938,2.8043,1.1055,0.5398,2.3344,4.5599,9.1754
19-May-01,0.2456,1.8318,2.9683,0.2066,0.2295,0.2034,1.1947,2.0785,1.3525,1.095,0.5346,0.0187,0.1686,1.1508,6.7541,0.0714,0.4494,0.0153,1.1716,3.3024,5.1956,0.3741,3.843,0.1423,1.3321,4.544,0.9372,8.318,0.9467,3.0829,2.7944,1.1017,0.5379,2.326,4.544,9.1431
20-May-01,0.2456,1.8318,2.9683,0.2066,0.2295,0.2034,1.1947,2.0785,1.3525,1.095,0.5346,0.0187,0.1686,1.1508,6.7541,0.0714,0.4494,0.0153,1.1716,3.3024,5.1956,0.3741,3.843,0.1423,1.3321,4.544,0.9372,8.318,0.9467,3.0829,2.7944,1.1017,0.5379,2.326,4.544,9.1431
21-May-01,0.2456,1.8318,2.9683,0.2066,0.2295,0.2034,1.1947,2.0785,1.3525,1.095,0.5346,0.0187,0.1686,1.1508,6.7541,0.0714,0.4494,0.0153,1.1716,3.3024,5.1956,0.3741,3.843,0.1423,1.3321,4.544,0.9372,8.318,0.9467,3.0829,2.7944,1.1017,0.5379,2.326,4.544,9.1431
22-May-01,0.2444,1.8221,2.9881,0.2073,0.2298,0.2032,1.1894,2.08,1.3576,1.0993,0.5361,0.0187,0.1687,1.1482,6.7585,0.0715,0.4497,0.0153,1.1658,3.3021,5.1996,0.3745,3.844,0.1424,1.3255,4.5214,0.9326,8.2766,0.942,3.0677,2.7806,1.0962,0.5353,2.3146,4.5214,9.0977
23-May-01,0.2443,1.8213,2.9937,0.2074,0.2296,0.2033,1.1889,2.0801,1.3546,1.0933,0.5361,0.0188,0.1694,1.1502,6.7615,0.0715,0.4495,0.0153,1.1646,3.3038,5.1995,0.3741,3.8428,0.1424,1.3247,4.5186,0.932,8.2714,0.9414,3.0657,2.7788,1.0955,0.5349,2.3129,4.5186,9.0921
24-May-01,0.2403,1.7913,2.96,0.2057,0.2257,0.1995,1.1742,2.08,1.3472,1.0791,0.5378,0.0187,0.1718,1.1525,6.7576,0.0715,0.4493,0.0153,1.1531,3.2911,5.1999,0.374,3.8433,0.1423,1.3025,4.4431,0.9164,8.1333,0.9257,3.0145,2.7324,1.0772,0.526,2.2745,4.4431,8.9401
25-May-01,0.2379,1.7735,2.9308,0.2047,0.2231,0.1966,1.1635,2.074,1.3377,1.0631,0.5363,0.0187,0.173,1.1506,6.7355,0.0713,0.448,0.0152,1.1333,3.2775,5.185,0.3729,3.8322,0.142,1.2891,4.3973,0.907,8.0497,0.9161,2.9835,2.7043,1.0661,0.5206,2.2519,4.3973,8.8481
26-May-01,0.2392,1.783,2.9275,0.2052,0.2255,0.1977,1.1677,2.0699,1.3411,1.0797,0.5376,0.0186,0.1722,1.1477,6.7235,0.0711,0.4472,0.0152,1.1401,3.2762,5.1748,0.3727,3.8254,0.1417,1.2965,4.4226,0.9122,8.0957,0.9214,3.0006,2.7198,1.0722,0.5236,2.2641,4.4226,8.899
27-May-01,0.2392,1.783,2.9275,0.2052,0.2255,0.1977,1.1677,2.0699,1.3411,1.0797,0.5376,0.0186,0.1722,1.1477,6.7235,0.0711,0.4472,0.0152,1.1401,3.2762,5.1748,0.3727,3.8254,0.1417,1.2965,4.4226,0.9122,8.0957,0.9214,3.0006,2.7198,1.0722,0.5236,2.2641,4.4226,8.899
28-May-01,0.2392,1.783,2.9275,0.2052,0.2255,0.1977,1.1677,2.0699,1.3411,1.0797,0.5376,0.0186,0.1722,1.1477,6.7235,0.0711,0.4472,0.0152,1.1401,3.2762,5.1748,0.3727,3.8254,0.1417,1.2965,4.4226,0.9122,8.0957,0.9214,3.0006,2.7198,1.0722,0.5236,2.2641,4.4226,8.899
29-May-01,0.2387,1.7794,2.9393,0.2046,0.225,0.1965,1.1661,2.0698,1.3386,1.0773,0.5341,0.0186,0.171,1.1429,6.7203,0.0712,0.4468,0.0152,1.1374,3.2703,5.1744,0.3727,3.8247,0.1417,1.2939,4.4136,0.9103,8.0792,0.9195,2.9945,2.7143,1.0701,0.5225,2.2594,4.4136,8.881
30-May-01,0.2357,1.7568,2.9132,0.2019,0.2223,0.194,1.1515,2.055,1.3281,1.0608,0.531,0.0185,0.1706,1.135,6.6716,0.0706,0.4441,0.015,1.1233,3.2475,5.1378,0.37,3.7968,0.1406,1.2773,4.357,0.8987,7.9759,0.9077,2.9562,2.6795,1.0563,0.5158,2.2313,4.357,8.7671
31-May-01,0.2353,1.7541,2.9127,0.1989,0.2219,0.1938,1.1505,2.049,1.3331,1.061,0.5308,0.0181,0.1705,1.1333,6.6524,0.0704,0.4425,0.015,1.1217,3.2385,5.1222,0.3694,3.7839,0.14,1.2754,4.3504,0.8973,7.9638,0.9064,2.9516,2.6754,1.0548,0.515,2.2271,4.3504,8.7538
01-Jun-01,0.2337,1.7416,2.9092,0.1939,0.2204,0.1909,1.1441,2.047,1.3237,1.0462,0.5293,0.0177,0.1719,1.1327,6.6504,0.0702,0.4416,0.015,1.1137,3.2323,5.1175,0.368,3.7809,0.1398,1.2664,4.3198,0.891,7.9077,0.9,2.9309,2.6566,1.0473,0.5114,2.2114,4.3198,8.6921
02-Jun-01,0.2332,1.7371,2.9071,0.1958,0.219,0.1901,1.1426,2.047,1.332,1.0356,0.5267,0.0178,0.1721,1.1318,6.6472,0.0702,0.4419,0.0149,1.1104,3.2292,5.1175,0.3685,3.7823,0.1397,1.2636,4.3102,0.889,7.8901,0.898,2.9243,2.6507,1.045,0.5103,2.2065,4.3102,8.6726
03-Jun-01,0.2332,1.7371,2.9071,0.1958,0.219,0.1901,1.1426,2.047,1.332,1.0356,0.5267,0.0178,0.1721,1.1318,6.6472,0.0702,0.4419,0.0149,1.1104,3.2292,5.1175,0.3685,3.7823,0.1397,1.2636,4.3102,0.889,7.8901,0.898,2.9243,2.6507,1.045,0.5103,2.2065,4.3102,8.6726
04-Jun-01,0.2332,1.7371,2.9071,0.1958,0.219,0.1901,1.1426,2.047,1.332,1.0356,0.5267,0.0178,0.1721,1.1318,6.6472,0.0702,0.4419,0.0149,1.1104,3.2292,5.1175,0.3685,3.7823,0.1397,1.2636,4.3102,0.889,7.8901,0.898,2.9243,2.6507,1.045,0.5103,2.2065,4.3102,8.6726
05-Jun-01,0.234,1.7438,2.9045,0.1985,0.218,0.1893,1.146,2.047,1.3355,1.0419,0.5303,0.018,0.1714,1.1293,6.6634,0.0702,0.4418,0.0148,1.1146,3.2302,5.1175,0.369,3.7872,0.1396,1.268,4.3254,0.8921,7.9178,0.9011,2.9346,2.66,1.0487,0.5121,2.2142,4.3254,8.7032
06-Jun-01,0.2322,1.731,2.8919,0.1978,0.2171,0.1879,1.143,2.051,1.3342,1.0362,0.5313,0.0177,0.1717,1.1319,6.653,0.0703,0.4424,0.0149,1.1069,3.2309,5.1274,0.3692,3.7882,0.1397,1.258,4.291,0.885,7.8549,0.894,2.9113,2.6389,1.0404,0.508,2.1979,4.291,8.6342
07-Jun-01,0.2361,1.759,2.8935,0.1975,0.2208,0.1907,1.1602,2.06,1.3466,1.059,0.5326,0.0175,0.1711,1.1374,6.6855,0.0706,0.4443,0.0149,1.1251,3.2533,5.1514,0.3708,3.8064,0.1404,1.2783,4.3604,0.8994,7.982,0.9084,2.9584,2.6816,1.0572,0.5162,2.2335,4.3604,8.7739
08-Jun-01,0.2346,1.7482,2.8746,0.1979,0.2202,0.1882,1.1491,2.0645,1.3566,1.0624,0.5338,0.0178,0.1718,1.141,6.6986,0.0708,0.445,0.0149,1.1184,3.2507,5.1624,0.3715,3.8182,0.1409,1.2705,4.3337,0.8938,7.933,0.9029,2.9403,2.6651,1.0507,0.513,2.2198,4.3337,8.72
09-Jun-01,0.2343,1.7466,2.8492,0.1978,0.22,0.1874,1.1478,2.0645,1.3564,1.074,0.5348,0.0177,0.1718,1.1424,6.6901,0.0708,0.445,0.0149,1.1165,3.2471,5.1624,0.3713,3.8224,0.141,1.2693,4.3297,0.893,7.9257,0.902,2.9376,2.6627,1.0497,0.5126,2.2177,4.3297,8.712
10-Jun-01,0.2343,1.7466,2.8492,0.1978,0.22,0.1874,1.1478,2.0645,1.3564,1.074,0.5348,0.0177,0.1718,1.1424,6.6901,0.0708,0.445,0.0149,1.1165,3.2471,5.1624,0.3713,3.8224,0.141,1.2693,4.3297,0.893,7.9257,0.902,2.9376,2.6627,1.0497,0.5126,2.2177,4.3297,8.712
11-Jun-01,0.2343,1.7466,2.8492,0.1978,0.22,0.1874,1.1478,2.0645,1.3564,1.074,0.5348,0.0177,0.1718,1.1424,6.6901,0.0708,0.445,0.0149,1.1165,3.2471,5.1624,0.3713,3.8224,0.141,1.2693,4.3297,0.893,7.9257,0.902,2.9376,2.6627,1.0497,0.5126,2.2177,4.3297,8.712
12-Jun-01,0.2359,1.7571,2.862,0.1981,0.2211,0.1891,1.1532,2.0645,1.3586,1.0824,0.5348,0.0177,0.17,1.1399,6.6955,0.0708,0.445,0.0149,1.1236,3.2517,5.1638,0.3716,3.8231,0.141,1.2769,4.3557,0.8984,7.9734,0.9075,2.9552,2.6787,1.056,0.5157,2.2311,4.3557,8.7644
13-Jun-01,0.2336,1.74,2.8241,0.1964,0.219,0.1881,1.1446,2.057,1.3533,1.0733,0.5319,0.0174,0.1688,1.1338,6.6677,0.0705,0.443,0.0149,1.1127,3.2328,5.1451,0.3706,3.8064,0.1405,1.2645,4.3133,0.8896,7.8958,0.8986,2.9265,2.6526,1.0458,0.5106,2.2093,4.3133,8.6791
14-Jun-01,0.2342,1.7573,2.8265,0.196,0.2192,0.1893,1.1531,2.058,1.3502,1.086,0.5321,0.0173,0.1684,1.1323,6.6749,0.0707,0.4432,0.0149,1.1233,3.2404,5.1476,0.3711,3.8111,0.1406,1.2771,4.3562,0.8985,7.9743,0.9076,2.9556,2.679,1.0562,0.5157,2.2313,4.3562,8.7654
15-Jun-01,0.2369,1.7643,2.8783,0.1975,0.2218,0.1915,1.1554,2.07,1.3646,1.089,0.5337,0.0169,0.1699,1.1401,6.721,0.071,0.4457,0.015,1.1287,3.2629,5.1776,0.3732,3.8333,0.1414,1.2822,4.3736,0.9021,8.006,0.9112,2.9673,2.6897,1.0604,0.5178,2.2402,4.3736,8.8003
16-Jun-01,0.2388,1.7802,2.8929,0.1965,0.2235,0.1933,1.1676,2.065,1.3588,1.085,0.5322,0.0173,0.1701,1.1406,6.7152,0.0709,0.4447,0.0149,1.1378,3.2705,5.1648,0.3723,3.8276,0.1409,1.2937,4.413,0.9102,8.0782,0.9194,2.9941,2.7139,1.0699,0.5224,2.2604,4.413,8.8796
17-Jun-01,0.2388,1.7802,2.8929,0.1965,0.2235,0.1933,1.1676,2.065,1.3588,1.085,0.5322,0.0173,0.1701,1.1406,6.7152,0.0709,0.4447,0.0149,1.1378,3.2705,5.1648,0.3723,3.8276,0.1409,1.2937,4.413,0.9102,8.0782,0.9194,2.9941,2.7139,1.0699,0.5224,2.2604,4.413,8.8796
18-Jun-01,0.2388,1.7802,2.8929,0.1965,0.2235,0.1933,1.1676,2.065,1.3588,1.085,0.5322,0.0173,0.1701,1.1406,6.7152,0.0709,0.4447,0.0149,1.1378,3.2705,5.1648,0.3723,3.8276,0.1409,1.2937,4.413,0.9102,8.0782,0.9194,2.9941,2.7139,1.0699,0.5224,2.2604,4.413,8.8796
19-Jun-01,0.2383,1.7758,2.8938,0.1959,0.2238,0.1948,1.1615,2.0601,1.3503,1.084,0.5344,0.0173,0.1674,1.1354,6.6952,0.0708,0.4436,0.0149,1.1358,3.2591,5.1528,0.3713,3.8221,0.1406,1.2905,4.4021,0.908,8.0582,0.9171,2.9867,2.7072,1.0673,0.5211,2.2548,4.4021,8.8577
20-Jun-01,0.2379,1.7735,2.894,0.1962,0.2246,0.1964,1.1604,2.0689,1.3488,1.0779,0.5346,0.0168,0.1675,1.1373,6.72,0.0709,0.4455,0.0149,1.1338,3.2643,5.1746,0.3729,3.8391,0.1413,1.2889,4.3964,0.9068,8.0478,0.9159,2.9828,2.7037,1.0659,0.5205,2.2519,4.3964,8.8462
21-Jun-01,0.2368,1.7646,2.8896,0.195,0.2247,0.1943,1.1563,2.0689,1.3469,1.0709,0.5325,0.0168,0.1688,1.1394,6.7174,0.071,0.4453,0.0149,1.1283,3.2591,5.175,0.3726,3.837,0.1413,1.2824,4.3743,0.9022,8.0074,0.9113,2.9678,2.6901,1.0605,0.5179,2.2406,4.3743,8.8018
22-Jun-01,0.2377,1.7714,2.8996,0.1914,0.2246,0.194,1.162,2.0689,1.3511,1.0762,0.5332,0.0163,0.167,1.1364,6.7172,0.071,0.4453,0.0149,1.133,3.2571,5.1748,0.3725,3.842,0.1412,1.2873,4.3912,0.9057,8.0383,0.9149,2.9793,2.7005,1.0646,0.5199,2.2492,4.3912,8.8357
23-Jun-01,0.2365,1.7621,2.9185,0.1976,0.224,0.1924,1.1608,2.065,1.3552,1.0643,0.5322,0.0163,0.166,1.134,6.7059,0.0709,0.4445,0.0149,1.1267,3.2479,5.1651,0.3721,3.8598,0.141,1.2806,4.3681,0.9009,7.9961,0.91,2.9636,2.6863,1.059,0.5171,2.2374,4.3681,8.7893
24-Jun-01,0.2365,1.7621,2.9185,0.1976,0.224,0.1924,1.1608,2.065,1.3552,1.0643,0.5322,0.0163,0.166,1.134,6.7059,0.0709,0.4445,0.0149,1.1267,3.2479,5.1651,0.3721,3.8598,0.141,1.2806,4.3681,0.9009,7.9961,0.91,2.9636,2.6863,1.059,0.5171,2.2374,4.3681,8.7893
25-Jun-01,0.2365,1.7621,2.9185,0.1976,0.224,0.1924,1.1608,2.065,1.3552,1.0643,0.5322,0.0163,0.166,1.134,6.7059,0.0709,0.4445,0.0149,1.1267,3.2479,5.1651,0.3721,3.8598,0.141,1.2806,4.3681,0.9009,7.9961,0.91,2.9636,2.6863,1.059,0.5171,2.2374,4.3681,8.7893
26-Jun-01,0.2375,1.77,2.9155,0.1965,0.2235,0.1934,1.1652,2.06,1.3546,1.064,0.5323,0.0162,0.1659,1.1326,6.6914,0.0707,0.4434,0.0148,1.1314,3.2482,5.1524,0.3706,3.8326,0.1406,1.2863,4.3877,0.905,8.0319,0.9141,2.9769,2.6983,1.0638,0.5194,2.2474,4.3877,8.8287
27-Jun-01,0.239,1.7805,2.9075,0.1996,0.2241,0.1944,1.171,2.06,1.3579,1.0681,0.5323,0.0161,0.1669,1.1339,6.6977,0.0708,0.4434,0.0148,1.1388,3.2554,5.1506,0.3708,3.8941,0.1405,1.2939,4.4137,0.9104,8.0796,0.9196,2.9946,2.7144,1.0701,0.5225,2.2608,4.4137,8.8811
28-Jun-01,0.2394,1.7824,2.9303,0.2008,0.2253,0.1933,1.1702,2.063,1.365,1.074,0.5331,0.0166,0.1659,1.1333,6.7059,0.0708,0.4439,0.0148,1.1399,3.2663,5.1581,0.3716,3.8424,0.1407,1.2953,4.4185,0.9113,8.0882,0.9205,2.9978,2.7173,1.0712,0.5231,2.2632,4.4185,8.8906
29-Jun-01,0.2372,1.7657,2.9149,0.1993,0.2236,0.1919,1.1626,2.061,1.3606,1.0641,0.5326,0.0163,0.1654,1.1315,6.695,0.0707,0.4434,0.0148,1.129,3.2549,5.1525,0.3717,3.8309,0.1405,1.2832,4.3771,0.9028,8.0124,0.9119,2.9697,2.6918,1.0612,0.5182,2.242,4.3771,8.8073
30-Jun-01,0.2324,1.7295,2.8722,0.1956,0.2192,0.1885,1.1379,2.045,1.3435,1.0368,0.5247,0.0164,0.1647,1.1233,6.6381,0.0702,0.44,0.0147,1.1061,3.2164,5.1124,0.3691,3.8585,0.1393,1.2569,4.2873,0.8843,7.8481,0.8932,2.9088,2.6366,1.0395,0.5076,2.196,4.2873,8.6267
01-Jul-01,0.2324,1.7295,2.8722,0.1956,0.2192,0.1885,1.1379,2.045,1.3435,1.0368,0.5247,0.0164,0.1647,1.1233,6.6381,0.0702,0.44,0.0147,1.1061,3.2164,5.1124,0.3691,3.8585,0.1393,1.2569,4.2873,0.8843,7.8481,0.8932,2.9088,2.6366,1.0395,0.5076,2.196,4.2873,8.6267
02-Jul-01,0.2324,1.7295,2.8722,0.1956,0.2192,0.1885,1.1379,2.045,1.3435,1.0368,0.5247,0.0164,0.1647,1.1233,6.6381,0.0702,0.44,0.0147,1.1061,3.2164,5.1124,0.3691,3.8585,0.1393,1.2569,4.2873,0.8843,7.8481,0.8932,2.9088,2.6366,1.0395,0.5076,2.196,4.2873,8.6267
03-Jul-01,0.2351,1.7492,2.9224,0.1984,0.221,0.1898,1.1497,2.07,1.3674,1.0524,0.5334,0.0166,0.1661,1.1363,6.7173,0.0709,0.4454,0.0149,1.1185,3.2522,5.175,0.3732,3.8562,0.141,1.2712,4.3362,0.8944,7.9375,0.9034,2.9419,2.6666,1.0513,0.5133,2.221,4.3362,8.725
04-Jul-01,0.2344,1.7444,2.9116,0.1987,0.219,0.1888,1.1474,2.061,1.3617,1.0573,0.5319,0.0161,0.1666,1.132,6.6898,0.0706,0.4434,0.0148,1.1155,3.2421,5.1519,0.3719,3.8366,0.1404,1.2677,4.3243,0.8919,7.9157,0.9009,2.9339,2.6593,1.0484,0.5119,2.2149,4.3243,8.701
05-Jul-01,0.2344,1.744,2.9005,0.1978,0.2202,0.1898,1.146,2.0615,1.367,1.0695,0.5236,0.0163,0.1653,1.1306,6.6923,0.0706,0.4434,0.0147,1.1155,3.2368,5.1536,0.3714,3.835,0.1405,1.2674,4.3233,0.8917,7.9139,0.9007,2.9332,2.6587,1.0482,0.5118,2.2144,4.3233,8.699
06-Jul-01,0.2328,1.7318,2.8927,0.1969,0.2191,0.1884,1.1402,2.06,1.3628,1.0621,0.5228,0.0161,0.1641,1.1286,6.6818,0.0706,0.4431,0.0147,1.1076,3.2218,5.15,0.3711,3.8795,0.1403,1.2585,4.293,0.8855,7.8586,0.8944,2.9127,2.6401,1.0408,0.5082,2.1989,4.293,8.6382
07-Jul-01,0.2322,1.7275,2.8898,0.2,0.2189,0.1879,1.1361,2.06,1.3606,1.0543,0.5235,0.016,0.1639,1.128,6.6831,0.0705,0.4431,0.0147,1.1045,3.2198,5.1499,0.3718,3.8649,0.1404,1.2554,4.2824,0.8833,7.8391,0.8922,2.9054,2.6336,1.0382,0.507,2.1935,4.2824,8.6167
08-Jul-01,0.2322,1.7275,2.8898,0.2,0.2189,0.1879,1.1361,2.06,1.3606,1.0543,0.5235,0.016,0.1639,1.128,6.6831,0.0705,0.4431,0.0147,1.1045,3.2198,5.1499,0.3718,3.8649,0.1404,1.2554,4.2824,0.8833,7.8391,0.8922,2.9054,2.6336,1.0382,0.507,2.1935,4.2824,8.6167
09-Jul-01,0.2322,1.7275,2.8898,0.2,0.2189,0.1879,1.1361,2.06,1.3606,1.0543,0.5235,0.016,0.1639,1.128,6.6831,0.0705,0.4431,0.0147,1.1045,3.2198,5.1499,0.3718,3.8649,0.1404,1.2554,4.2824,0.8833,7.8391,0.8922,2.9054,2.6336,1.0382,0.507,2.1935,4.2824,8.6167
10-Jul-01,0.236,1.7556,2.9193,0.2016,0.2214,0.1894,1.1549,2.07,1.3602,1.0495,0.5328,0.0159,0.1648,1.1324,6.7188,0.0708,0.4451,0.0147,1.1226,3.2486,5.1768,0.3732,3.8793,0.1411,1.2758,4.352,0.8976,7.9666,0.9067,2.9527,2.6764,1.0551,0.5152,2.2292,4.352,8.7569
11-Jul-01,0.2376,1.768,2.9166,0.2024,0.2231,0.1908,1.1602,2.07,1.3625,1.0571,0.5257,0.0161,0.1648,1.1279,6.7245,0.0708,0.4448,0.0147,1.1303,3.2542,5.1738,0.3732,3.8533,0.1411,1.2849,4.3828,0.904,8.0228,0.9131,2.9736,2.6953,1.0626,0.5189,2.2449,4.3828,8.8187
12-Jul-01,0.2396,1.7831,2.9319,0.2034,0.2231,0.1912,1.1738,2.0751,1.3646,1.062,0.5247,0.0163,0.1654,1.1308,6.7426,0.071,0.4457,0.0147,1.1399,3.2689,5.1878,0.3749,3.865,0.1414,1.2958,4.4202,0.9117,8.0914,0.9209,2.999,2.7183,1.0717,0.5233,2.2641,4.4202,8.8941
13-Jul-01,0.2384,1.7737,2.9235,0.2027,0.2226,0.191,1.1686,2.075,1.3603,1.0491,0.5293,0.0155,0.1669,1.1304,6.7458,0.071,0.4454,0.0147,1.134,3.2672,5.187,0.375,3.8909,0.1414,1.289,4.3969,0.9069,8.0487,0.916,2.9831,2.704,1.066,0.5205,2.2521,4.3969,8.8472
14-Jul-01,0.2371,1.7638,2.9034,0.2016,0.2218,0.1911,1.1676,2.07,1.3497,1.0464,0.526,0.016,0.1669,1.1281,6.7265,0.0709,0.4443,0.0147,1.1281,3.2568,5.175,0.3739,3.8815,0.1411,1.2818,4.3723,0.9018,8.0038,0.9109,2.9665,2.6889,1.0601,0.5176,2.2396,4.3723,8.7978
15-Jul-01,0.2371,1.7638,2.9034,0.2016,0.2218,0.1911,1.1676,2.07,1.3497,1.0464,0.526,0.016,0.1669,1.1281,6.7265,0.0709,0.4443,0.0147,1.1281,3.2568,5.175,0.3739,3.8815,0.1411,1.2818,4.3723,0.9018,8.0038,0.9109,2.9665,2.6889,1.0601,0.5176,2.2396,4.3723,8.7978
16-Jul-01,0.2371,1.7638,2.9034,0.2016,0.2218,0.1911,1.1676,2.07,1.3497,1.0464,0.526,0.016,0.1669,1.1281,6.7265,0.0709,0.4443,0.0147,1.1281,3.2568,5.175,0.3739,3.8815,0.1411,1.2818,4.3723,0.9018,8.0038,0.9109,2.9665,2.6889,1.0601,0.5176,2.2396,4.3723,8.7978
17-Jul-01,0.2376,1.7675,2.8863,0.2013,0.2219,0.1923,1.1684,2.06,1.3401,1.0481,0.523,0.0156,0.165,1.1213,6.6972,0.0704,0.4422,0.0146,1.1302,3.2431,5.1526,0.3722,3.8722,0.1405,1.2845,4.3815,0.9037,8.0206,0.9128,2.9727,2.6945,1.0623,0.5187,2.2443,4.3815,8.8163
18-Jul-01,0.2368,1.7618,2.8843,0.2011,0.221,0.1913,1.166,2.07,1.3476,1.0466,0.5256,0.0151,0.165,1.1272,6.7197,0.0708,0.4443,0.0147,1.1267,3.2476,5.1769,0.374,3.8591,0.1411,1.2803,4.3674,0.9008,7.9947,0.9099,2.9631,2.6858,1.0589,0.517,2.237,4.3674,8.7878
19-Jul-01,0.2389,1.7783,2.9007,0.2022,0.2221,0.1928,1.1802,2.07,1.3477,1.0551,0.526,0.015,0.1654,1.1303,6.728,0.0708,0.4442,0.0147,1.137,3.2563,5.1899,0.374,3.9079,0.1411,1.2923,4.4083,0.9092,8.0696,0.9184,2.9909,2.711,1.0688,0.5219,2.258,4.4083,8.8701
20-Jul-01,0.2431,1.8088,2.9358,0.2046,0.2254,0.1961,1.2021,2.0705,1.3451,1.068,0.5255,0.0153,0.1672,1.1327,6.7439,0.0707,0.4443,0.0147,1.1569,3.2813,5.1769,0.3735,3.9288,0.1411,1.3145,4.4839,0.9248,8.208,0.9342,3.0422,2.7575,1.0871,0.5308,2.2967,4.4839,9.0223
21-Jul-01,0.2423,1.8036,2.9537,0.2045,0.2258,0.195,1.1983,2.07,1.3435,1.0623,0.5256,0.016,0.1678,1.1339,6.7444,0.0707,0.4442,0.0147,1.1532,3.2842,5.1776,0.3733,3.9138,0.1411,1.3107,4.471,0.9222,8.1844,0.9315,3.0334,2.7496,1.084,0.5293,2.2901,4.471,8.9963
22-Jul-01,0.2423,1.8036,2.9537,0.2045,0.2258,0.195,1.1983,2.07,1.3435,1.0623,0.5256,0.016,0.1678,1.1339,6.7444,0.0707,0.4442,0.0147,1.1532,3.2842,5.1776,0.3733,3.9138,0.1411,1.3107,4.471,0.9222,8.1844,0.9315,3.0334,2.7496,1.084,0.5293,2.2901,4.471,8.9963
23-Jul-01,0.2423,1.8036,2.9537,0.2045,0.2258,0.195,1.1983,2.07,1.3435,1.0623,0.5256,0.016,0.1678,1.1339,6.7444,0.0707,0.4442,0.0147,1.1532,3.2842,5.1776,0.3733,3.9138,0.1411,1.3107,4.471,0.9222,8.1844,0.9315,3.0334,2.7496,1.084,0.5293,2.2901,4.471,8.9963
24-Jul-01,0.2414,1.7968,2.9469,0.204,0.225,0.1935,1.194,2.07,1.3421,1.0495,0.5254,0.0158,0.1676,1.1354,6.7442,0.0707,0.4439,0.0146,1.1489,3.2784,5.175,0.3734,3.9042,0.1411,1.3058,4.4542,0.9187,8.1535,0.928,3.022,2.7392,1.0799,0.5273,2.2815,4.4542,8.9624
25-Jul-01,0.2416,1.7986,2.9319,0.2037,0.225,0.1933,1.1953,2.07,1.3435,1.0516,0.5254,0.0158,0.1665,1.1386,6.7396,0.0707,0.4437,0.0146,1.1502,3.2774,5.1756,0.3738,3.9101,0.1411,1.3071,4.4586,0.9196,8.1617,0.9289,3.025,2.7419,1.081,0.5278,2.2838,4.4586,8.9714
26-Jul-01,0.2425,1.8059,2.939,0.2042,0.2256,0.1939,1.1998,2.07,1.3456,1.0524,0.5271,0.0159,0.1666,1.1401,6.742,0.0708,0.4434,0.0146,1.1548,3.281,5.1753,0.3737,3.8634,0.141,1.3124,4.4767,0.9233,8.1948,0.9327,3.0373,2.7531,1.0854,0.53,2.293,4.4767,9.0078
27-Jul-01,0.2451,1.8243,2.957,0.206,0.228,0.1964,1.2088,2.07,1.3484,1.0563,0.5256,0.0157,0.1678,1.1489,6.751,0.0708,0.4434,0.0146,1.1663,3.2925,5.1751,0.3737,3.9309,0.141,1.3258,4.5223,0.9327,8.2783,0.9422,3.0683,2.7811,1.0964,0.5354,2.3164,4.5223,9.0996
28-Jul-01,0.2429,1.8071,2.9419,0.2048,0.2264,0.1947,1.1981,2.062,1.3453,1.0454,0.5235,0.0159,0.1665,1.1456,6.7203,0.0704,0.4415,0.0145,1.1564,3.273,5.1571,0.3721,3.852,0.1404,1.3133,4.4797,0.924,8.2003,0.9333,3.0393,2.7549,1.0861,0.5303,2.2945,4.4797,9.0138
29-Jul-01,0.2429,1.8071,2.9419,0.2048,0.2264,0.1947,1.1981,2.062,1.3453,1.0454,0.5235,0.0159,0.1665,1.1456,6.7203,0.0704,0.4415,0.0145,1.1564,3.273,5.1571,0.3721,3.852,0.1404,1.3133,4.4797,0.924,8.2003,0.9333,3.0393,2.7549,1.0861,0.5303,2.2945,4.4797,9.0138
30-Jul-01,0.2429,1.8071,2.9419,0.2048,0.2264,0.1947,1.1981,2.062,1.3453,1.0454,0.5235,0.0159,0.1665,1.1456,6.7203,0.0704,0.4415,0.0145,1.1564,3.273,5.1571,0.3721,3.852,0.1404,1.3133,4.4797,0.924,8.2003,0.9333,3.0393,2.7549,1.0861,0.5303,2.2945,4.4797,9.0138
31-Jul-01,0.2418,1.7998,2.9297,0.2051,0.2255,0.1944,1.1919,2.06,1.3445,1.0407,0.523,0.0158,0.1654,1.1455,6.7094,0.0703,0.441,0.0145,1.1509,3.2652,5.1504,0.3717,3.8505,0.1402,1.308,4.4616,0.9202,8.1671,0.9295,3.027,2.7438,1.0817,0.5282,2.2853,4.4616,8.9774
01-Aug-01,0.2421,1.8025,2.9378,0.2055,0.2259,0.1953,1.1938,2.06,1.3475,1.0403,0.523,0.0158,0.1652,1.1433,6.7108,0.0702,0.4411,0.0145,1.1529,3.2672,5.1504,0.3719,3.8501,0.1401,1.3099,4.4683,0.9216,8.1794,0.9309,3.0316,2.7479,1.0833,0.529,2.2887,4.4683,8.9908
02-Aug-01,0.2446,1.8212,2.9613,0.208,0.2277,0.1962,1.205,2.07,1.3485,1.0578,0.526,0.0157,0.1661,1.1481,6.7479,0.0706,0.4433,0.0145,1.165,3.292,5.1756,0.3739,3.9219,0.1407,1.3235,4.5146,0.9312,8.2642,0.9406,3.063,2.7764,1.0946,0.5345,2.3124,4.5146,9.0841
03-Aug-01,0.2445,1.8203,2.9606,0.2101,0.2279,0.1969,1.2065,2.065,1.3447,1.0709,0.5256,0.0155,0.1661,1.1539,6.7341,0.0703,0.4422,0.0145,1.1643,3.283,5.1651,0.3728,3.8573,0.1403,1.3229,4.5124,0.9307,8.2602,0.9401,3.0615,2.775,1.094,0.5342,2.3113,4.5124,9.0796
04-Aug-01,0.2447,1.8224,2.9571,0.2107,0.2283,0.1986,1.2083,2.066,1.3463,1.0694,0.5246,0.0154,0.1668,1.1636,6.7386,0.0703,0.4423,0.0145,1.1651,3.2835,5.1653,0.3733,3.9278,0.1404,1.3244,4.5176,0.9318,8.2697,0.9412,3.0651,2.7782,1.0953,0.5348,2.314,4.5176,9.0901
05-Aug-01,0.2447,1.8224,2.9571,0.2107,0.2283,0.1986,1.2083,2.066,1.3463,1.0694,0.5246,0.0154,0.1668,1.1636,6.7386,0.0703,0.4423,0.0145,1.1651,3.2835,5.1653,0.3733,3.9278,0.1404,1.3244,4.5176,0.9318,8.2697,0.9412,3.0651,2.7782,1.0953,0.5348,2.314,4.5176,9.0901
06-Aug-01,0.2447,1.8224,2.9571,0.2107,0.2283,0.1986,1.2083,2.066,1.3463,1.0694,0.5246,0.0154,0.1668,1.1636,6.7386,0.0703,0.4423,0.0145,1.1651,3.2835,5.1653,0.3733,3.9278,0.1404,1.3244,4.5176,0.9318,8.2697,0.9412,3.0651,2.7782,1.0953,0.5348,2.314,4.5176,9.0901
07-Aug-01,0.2435,1.8124,2.9317,0.2097,0.227,0.1978,1.2035,2.056,1.3441,1.0609,0.4861,0.0155,0.1658,1.1548,6.7049,0.0701,0.44,0.0144,1.1588,3.2645,5.14,0.3715,3.8976,0.1397,1.3171,4.4928,0.9267,8.2243,0.936,3.0482,2.763,1.0893,0.5319,2.3013,4.4928,9.0402
08-Aug-01,0.2425,1.8044,2.9107,0.2101,0.2269,0.197,1.1982,2.0601,1.3495,1.062,0.4903,0.0154,0.1664,1.1545,6.7122,0.0702,0.4407,0.0144,1.154,3.254,5.1505,0.3726,3.9099,0.14,1.3113,4.473,0.9226,8.188,0.9319,3.0348,2.7508,1.0845,0.5295,2.2911,4.473,9.0003
09-Aug-01,0.2425,1.8041,2.918,0.2089,0.2267,0.1972,1.1983,2.06,1.343,1.0617,0.4898,0.0151,0.1669,1.1603,6.7149,0.0702,0.4405,0.0144,1.1533,3.2543,5.1506,0.3726,3.9126,0.14,1.3111,4.4722,0.9224,8.1866,0.9317,3.0343,2.7503,1.0843,0.5294,2.2907,4.4722,8.9988
10-Aug-01,0.2451,1.8231,2.9251,0.2101,0.2288,0.1987,1.2123,2.064,1.3454,1.064,0.4903,0.0151,0.167,1.1612,6.731,0.0703,0.4413,0.0144,1.1656,3.2638,5.1626,0.3733,3.9187,0.1403,1.3249,4.5193,0.9321,8.2729,0.9416,3.0662,2.7793,1.0957,0.535,2.3149,4.5193,9.0936
11-Aug-01,0.2478,1.8429,2.9425,0.2104,0.2307,0.2012,1.2231,2.0649,1.3419,1.0647,0.4916,0.015,0.1694,1.1752,6.7456,0.0704,0.4415,0.0144,1.1784,3.2834,5.1629,0.3727,3.9197,0.1403,1.3393,4.5684,0.9423,8.3627,0.9518,3.0995,2.8095,1.1076,0.5408,2.34,4.5684,9.1923
12-Aug-01,0.2478,1.8429,2.9425,0.2104,0.2307,0.2012,1.2231,2.0649,1.3419,1.0647,0.4916,0.015,0.1694,1.1752,6.7456,0.0704,0.4415,0.0144,1.1784,3.2834,5.1629,0.3727,3.9197,0.1403,1.3393,4.5684,0.9423,8.3627,0.9518,3.0995,2.8095,1.1076,0.5408,2.34,4.5684,9.1923
13-Aug-01,0.2478,1.8429,2.9425,0.2104,0.2307,0.2012,1.2231,2.0649,1.3419,1.0647,0.4916,0.015,0.1694,1.1752,6.7456,0.0704,0.4415,0.0144,1.1784,3.2834,5.1629,0.3727,3.9197,0.1403,1.3393,4.5684,0.9423,8.3627,0.9518,3.0995,2.8095,1.1076,0.5408,2.34,4.5684,9.1923
14-Aug-01,0.2484,1.848,2.9443,0.2103,0.2295,0.2011,1.2212,2.065,1.3424,1.0653,0.4905,0.0149,0.1694,1.172,6.7466,0.0704,0.4413,0.0144,1.1817,3.2961,5.1628,0.3727,3.9184,0.1403,1.343,4.5811,0.9449,8.3859,0.9544,3.1081,2.8173,1.1107,0.5423,2.3465,4.5811,9.2178
15-Aug-01,0.2489,1.8515,2.9321,0.2081,0.2294,0.2013,1.221,2.065,1.3425,1.0674,0.4905,0.0147,0.1681,1.175,6.7444,0.0704,0.4412,0.0144,1.1844,3.2924,5.1651,0.3727,3.9184,0.1404,1.3455,4.5897,0.9467,8.4017,0.9562,3.114,2.8226,1.1128,0.5434,2.3509,4.5897,9.2352
16-Aug-01,0.2515,1.8711,2.9521,0.2093,0.2313,0.2027,1.2346,2.065,1.3448,1.081,0.4893,0.0144,0.1709,1.1785,6.7568,0.0703,0.4413,0.0144,1.1958,3.3125,5.1651,0.3727,3.9154,0.1404,1.3598,4.6383,0.9567,8.4907,0.9663,3.147,2.8525,1.1246,0.5491,2.3758,4.6383,9.333
17-Aug-01,0.2548,1.8957,2.9883,0.2112,0.2333,0.2052,1.2465,2.065,1.3518,1.0907,0.487,0.014,0.173,1.1844,6.7705,0.0703,0.4413,0.0143,1.2118,3.3344,5.1638,0.3725,3.9147,0.1404,1.3777,4.6993,0.9693,8.6023,0.979,3.1883,2.89,1.1393,0.5563,2.407,4.6993,9.4557
18-Aug-01,0.2526,1.88,2.9759,0.2116,0.232,0.2029,1.2388,2.065,1.3443,1.0862,0.4917,0.0143,0.1712,1.1799,6.7599,0.0703,0.4413,0.0143,1.2021,3.3215,5.1677,0.3725,3.9073,0.1404,1.3662,4.6604,0.9612,8.5311,0.9709,3.1619,2.866,1.1299,0.5517,2.3871,4.6604,9.3774
19-Aug-01,0.2526,1.88,2.9759,0.2116,0.232,0.2029,1.2388,2.065,1.3443,1.0862,0.4917,0.0143,0.1712,1.1799,6.7599,0.0703,0.4413,0.0143,1.2021,3.3215,5.1677,0.3725,3.9073,0.1404,1.3662,4.6604,0.9612,8.5311,0.9709,3.1619,2.866,1.1299,0.5517,2.3871,4.6604,9.3774
20-Aug-01,0.2526,1.88,2.9759,0.2116,0.232,0.2029,1.2388,2.065,1.3443,1.0862,0.4917,0.0143,0.1712,1.1799,6.7599,0.0703,0.4413,0.0143,1.2021,3.3215,5.1677,0.3725,3.9073,0.1404,1.3662,4.6604,0.9612,8.5311,0.9709,3.1619,2.866,1.1299,0.5517,2.3871,4.6604,9.3774
21-Aug-01,0.2545,1.8936,2.985,0.2125,0.2331,0.2012,1.2473,2.065,1.3388,1.1025,0.4917,0.0145,0.1719,1.1773,6.7687,0.0703,0.4413,0.0143,1.2108,3.3344,5.1664,0.3722,3.9088,0.1404,1.3761,4.6941,0.9682,8.5928,0.978,3.1848,2.8868,1.1381,0.5557,2.4044,4.6941,9.4452
22-Aug-01,0.2537,1.8878,2.9852,0.211,0.2324,0.2005,1.245,2.065,1.3379,1.1031,0.4882,0.0145,0.1715,1.1799,6.7665,0.0703,0.4413,0.0143,1.207,3.3306,5.1651,0.3714,3.9073,0.1404,1.3719,4.6797,0.9652,8.5665,0.975,3.1751,2.8779,1.1346,0.554,2.397,4.6797,9.4163
23-Aug-01,0.2541,1.8916,3.0025,0.2097,0.2334,0.1998,1.2465,2.068,1.3351,1.1097,0.4883,0.0145,0.1726,1.1795,6.7799,0.0704,0.4419,0.0143,1.2097,3.3371,5.1726,0.3716,3.9093,0.1406,1.3747,4.6892,0.9672,8.5837,0.9769,3.1814,2.8837,1.1369,0.5551,2.4018,4.6892,9.4353
24-Aug-01,0.2536,1.8878,2.9957,0.2101,0.2333,0.2005,1.2425,2.07,1.3428,1.1054,0.4882,0.0141,0.1721,1.1793,6.7811,0.0705,0.4422,0.0142,1.2072,3.3285,5.1776,0.372,3.9093,0.1407,1.3719,4.6797,0.9652,8.5665,0.975,3.1751,2.8779,1.1346,0.554,2.397,4.6797,9.4163
25-Aug-01,0.2534,1.8861,2.9817,0.2088,0.2326,0.2001,1.2417,2.0649,1.3406,1.1008,0.4859,0.0141,0.1724,1.1805,6.7664,0.0703,0.4412,0.0142,1.2059,3.3246,5.1648,0.3711,3.8975,0.1403,1.3707,4.6755,0.9643,8.5587,0.9741,3.1722,2.8753,1.1336,0.5535,2.3949,4.6755,9.4078
26-Aug-01,0.2534,1.8861,2.9817,0.2088,0.2326,0.2001,1.2417,2.0649,1.3406,1.1008,0.4859,0.0141,0.1724,1.1805,6.7664,0.0703,0.4412,0.0142,1.2059,3.3246,5.1648,0.3711,3.8975,0.1403,1.3707,4.6755,0.9643,8.5587,0.9741,3.1722,2.8753,1.1336,0.5535,2.3949,4.6755,9.4078
27-Aug-01,0.2534,1.8861,2.9817,0.2088,0.2326,0.2001,1.2417,2.0649,1.3406,1.1008,0.4859,0.0141,0.1724,1.1805,6.7664,0.0703,0.4412,0.0142,1.2059,3.3246,5.1648,0.3711,3.8975,0.1403,1.3707,4.6755,0.9643,8.5587,0.9741,3.1722,2.8753,1.1336,0.5535,2.3949,4.6755,9.4078
28-Aug-01,0.2525,1.8795,2.9774,0.2085,0.2325,0.201,1.237,2.0649,1.3405,1.0958,0.4865,0.0146,0.1717,1.1815,6.7644,0.0703,0.4412,0.0142,1.2019,3.3219,5.1647,0.3711,3.8916,0.1403,1.3659,4.6592,0.961,8.5288,0.9707,3.1611,2.8653,1.1296,0.5516,2.3865,4.6592,9.3749
29-Aug-01,0.2525,1.8795,2.9774,0.2085,0.2325,0.201,1.237,2.0649,1.3405,1.0958,0.4865,0.0146,0.1717,1.1815,6.7644,0.0703,0.4412,0.0142,1.2019,3.3219,5.1647,0.3711,3.8916,0.1403,1.3659,4.6592,0.961,8.5288,0.9707,3.1611,2.8653,1.1296,0.5516,2.3865,4.6592,9.3749
30-Aug-01,0.2537,1.8875,3.004,0.209,0.2337,0.2005,1.2443,2.0649,1.3412,1.095,0.4859,0.0149,0.1722,1.1801,6.7693,0.0703,0.4415,0.0142,1.2064,3.3321,5.1648,0.3723,3.896,0.1402,1.3717,4.679,0.9651,8.5651,0.9748,3.1745,2.8775,1.1344,0.5539,2.3966,4.679,9.4148
31-Aug-01,0.2518,1.8741,2.992,0.2081,0.2327,0.1983,1.2358,2.0649,1.3361,1.093,0.4859,0.015,0.1725,1.1814,6.7666,0.0702,0.4413,0.0142,1.198,3.323,5.1644,0.3721,3.8887,0.1403,1.362,4.6458,0.9582,8.5043,0.9679,3.152,2.857,1.1264,0.55,2.3796,4.6458,9.348
01-Sep-01,0.2546,1.8937,3.0143,0.21,0.2348,0.199,1.25,2.0649,1.3361,1.0994,0.4859,0.0151,0.1737,1.1888,6.7777,0.0702,0.4415,0.0142,1.2111,3.3418,5.1621,0.3721,3.8666,0.1403,1.3762,4.6944,0.9682,8.5932,0.978,3.185,2.8869,1.1381,0.5557,2.4045,4.6944,9.4457
02-Sep-01,0.2546,1.8937,3.0143,0.21,0.2348,0.199,1.25,2.0649,1.3361,1.0994,0.4859,0.0151,0.1737,1.1888,6.7777,0.0702,0.4415,0.0142,1.2111,3.3418,5.1621,0.3721,3.8666,0.1403,1.3762,4.6944,0.9682,8.5932,0.978,3.185,2.8869,1.1381,0.5557,2.4045,4.6944,9.4457
03-Sep-01,0.2546,1.8937,3.0143,0.21,0.2348,0.199,1.25,2.0649,1.3361,1.0994,0.4859,0.0151,0.1737,1.1888,6.7777,0.0702,0.4415,0.0142,1.2111,3.3418,5.1621,0.3721,3.8666,0.1403,1.3762,4.6944,0.9682,8.5932,0.978,3.185,2.8869,1.1381,0.5557,2.4045,4.6944,9.4457
04-Sep-01,0.2522,1.877,3.0022,0.2094,0.2332,0.1984,1.2391,2.0649,1.3312,1.0872,0.4859,0.0152,0.1739,1.1869,6.7715,0.0702,0.4414,0.0141,1.2002,3.331,5.1623,0.3723,3.8683,0.1401,1.3641,4.653,0.9597,8.5175,0.9694,3.1569,2.8615,1.1281,0.5508,2.3833,4.653,9.3624
05-Sep-01,0.2508,1.8666,3.0038,0.2091,0.2341,0.1968,1.2321,2.0749,1.3409,1.0885,0.4882,0.0147,0.1745,1.1903,6.7969,0.0705,0.4434,0.0141,1.1933,3.3353,5.1874,0.3748,3.8856,0.1407,1.3565,4.6272,0.9544,8.4703,0.964,3.1394,2.8456,1.1218,0.5478,2.3701,4.6272,9.3106
06-Sep-01,0.2478,1.8427,2.9947,0.2077,0.2327,0.194,1.2198,2.0749,1.3308,1.076,0.4882,0.0147,0.1737,1.188,6.7896,0.0704,0.4432,0.0141,1.1785,3.3193,5.1911,0.3745,3.8936,0.1406,1.3391,4.5679,0.9422,8.3618,0.9517,3.0992,2.8092,1.1075,0.5408,2.3397,4.5679,9.1913
07-Sep-01,0.2462,1.8311,3.0133,0.2072,0.2312,0.1941,1.2123,2.074,1.3327,1.0756,0.4854,0.0147,0.1709,1.1824,6.7811,0.0704,0.4428,0.0141,1.1708,3.3068,5.1853,0.3744,3.8919,0.1404,1.3307,4.5392,0.9362,8.3092,0.9457,3.0797,2.7915,1.1005,0.5374,2.325,4.5392,9.1335
08-Sep-01,0.2488,1.8508,3.0143,0.2076,0.2326,0.1949,1.2243,2.07,1.3288,1.075,0.4871,0.0149,0.1708,1.1813,6.7736,0.0703,0.4419,0.0141,1.1836,3.3131,5.1756,0.3735,3.8837,0.1401,1.345,4.588,0.9463,8.3986,0.9559,3.1128,2.8215,1.1124,0.5432,2.35,4.588,9.2318
09-Sep-01,0.2488,1.8508,3.0143,0.2076,0.2326,0.1949,1.2243,2.07,1.3288,1.075,0.4871,0.0149,0.1708,1.1813,6.7736,0.0703,0.4419,0.0141,1.1836,3.3131,5.1756,0.3735,3.8837,0.1401,1.345,4.588,0.9463,8.3986,0.9559,3.1128,2.8215,1.1124,0.5432,2.35,4.588,9.2318
10-Sep-01,0.2488,1.8508,3.0143,0.2076,0.2326,0.1949,1.2243,2.07,1.3288,1.075,0.4871,0.0149,0.1708,1.1813,6.7736,0.0703,0.4419,0.0141,1.1836,3.3131,5.1756,0.3735,3.8837,0.1401,1.345,4.588,0.9463,8.3986,0.9559,3.1128,2.8215,1.1124,0.5432,2.35,4.588,9.2318
11-Sep-01,0.2529,1.8816,3.0426,0.2096,0.2358,0.198,1.242,2.08,1.326,1.0685,0.4888,0.0148,0.1733,1.1896,6.8165,0.0706,0.4439,0.0141,1.2037,3.3414,5.2,0.3757,3.9024,0.1408,1.3674,4.6644,0.962,8.5383,0.9718,3.1646,2.8685,1.1309,0.5522,2.3891,4.6644,9.3854
12-Sep-01,0.2511,1.8677,3.0222,0.2082,0.2348,0.1958,1.2329,2.075,1.3277,1.0699,0.4882,0.0145,0.1708,1.1841,6.7921,0.0704,0.4428,0.0141,1.1946,3.3227,5.1881,0.3743,3.9374,0.1405,1.3573,4.6299,0.9549,8.4753,0.9646,3.1412,2.8473,1.1225,0.5481,2.3715,4.6299,9.316
13-Sep-01,0.2526,1.8789,3.0483,0.2085,0.2361,0.1964,1.2488,2.07,1.3256,1.071,0.4859,0.0142,0.1739,1.1934,6.7751,0.0702,0.4415,0.0141,1.2024,3.3436,5.1749,0.3731,3.8851,0.1403,1.3654,4.6577,0.9607,8.5261,0.9704,3.1601,2.8644,1.1292,0.5514,2.3857,4.6577,9.3719
14-Sep-01,0.2534,1.8855,3.0482,0.2087,0.2362,0.1967,1.2523,2.08,1.3311,1.07,0.4906,0.0142,0.1746,1.1977,6.8103,0.0706,0.4434,0.0141,1.2055,3.3619,5.2023,0.3749,3.9061,0.1408,1.3702,4.674,0.964,8.556,0.9738,3.1712,2.8744,1.1332,0.5533,2.3941,4.674,9.4048
15-Sep-01,0.255,1.8973,3.0597,0.2103,0.2374,0.1981,1.2629,2.0799,1.3292,1.0695,0.4905,0.0141,0.175,1.1974,6.8377,0.0706,0.4436,0.0141,1.2134,3.3699,5.2024,0.3755,3.9023,0.1406,1.3788,4.7033,0.9701,8.6096,0.9799,3.191,2.8924,1.1403,0.5568,2.4091,4.7033,9.4637
16-Sep-01,0.255,1.8973,3.0597,0.2103,0.2374,0.1981,1.2629,2.0799,1.3292,1.0695,0.4905,0.0141,0.175,1.1974,6.8377,0.0706,0.4436,0.0141,1.2134,3.3699,5.2024,0.3755,3.9023,0.1406,1.3788,4.7033,0.9701,8.6096,0.9799,3.191,2.8924,1.1403,0.5568,2.4091,4.7033,9.4637
17-Sep-01,0.255,1.8973,3.0597,0.2103,0.2374,0.1981,1.2629,2.0799,1.3292,1.0695,0.4905,0.0141,0.175,1.1974,6.8377,0.0706,0.4436,0.0141,1.2134,3.3699,5.2024,0.3755,3.9023,0.1406,1.3788,4.7033,0.9701,8.6096,0.9799,3.191,2.8924,1.1403,0.5568,2.4091,4.7033,9.4637
18-Sep-01,0.2595,1.9309,3.073,0.2115,0.2403,0.1998,1.2938,2.08,1.3259,1.0639,0.49,0.0136,0.1762,1.2004,6.8253,0.0706,0.4436,0.0141,1.2341,3.3821,5.2026,0.3755,3.9083,0.1407,1.4032,4.7866,0.9873,8.762,0.9972,3.2475,2.9436,1.1605,0.5667,2.4517,4.7866,9.6313
19-Sep-01,0.2577,1.9165,3.0485,0.2091,0.2388,0.1976,1.2914,2.0809,1.325,1.0334,0.4905,0.0137,0.1768,1.1992,6.8228,0.0707,0.4438,0.0141,1.2254,3.3715,5.2049,0.3757,3.9115,0.1409,1.3928,4.7509,0.9799,8.6967,0.9898,3.2233,2.9217,1.1518,0.5624,2.4335,4.7509,9.5595
20-Sep-01,0.2595,1.9307,3.06,0.2094,0.2418,0.1984,1.3022,2.09,1.3293,1.0251,0.4923,0.014,0.1776,1.2015,6.857,0.0709,0.4457,0.0142,1.235,3.3879,5.2276,0.3777,3.9131,0.1415,1.4031,4.7861,0.9872,8.7611,0.9971,3.2472,2.9433,1.1604,0.5666,2.4515,4.7861,9.6303
21-Sep-01,0.259,1.9271,3.0514,0.2075,0.2434,0.1983,1.3043,2.08,1.3264,1.0263,0.4911,0.0137,0.1773,1.1932,6.8255,0.0707,0.4434,0.0141,1.2319,3.3772,5.2065,0.3755,3.901,0.1408,1.4005,4.7772,0.9853,8.7448,0.9953,3.2411,2.9378,1.1582,0.5655,2.4469,4.7772,9.6123
22-Sep-01,0.2566,1.9088,3.0316,0.207,0.2413,0.194,1.3083,2.08,1.3284,1.0192,0.4903,0.0138,0.1778,1.1966,6.823,0.0707,0.4434,0.0141,1.2202,3.369,5.2027,0.3755,3.897,0.1409,1.3872,4.7318,0.976,8.6618,0.9858,3.2104,2.9099,1.1472,0.5602,2.4237,4.7318,9.5211
23-Sep-01,0.2566,1.9088,3.0316,0.207,0.2413,0.194,1.3083,2.08,1.3284,1.0192,0.4903,0.0138,0.1778,1.1966,6.823,0.0707,0.4434,0.0141,1.2202,3.369,5.2027,0.3755,3.897,0.1409,1.3872,4.7318,0.976,8.6618,0.9858,3.2104,2.9099,1.1472,0.5602,2.4237,4.7318,9.5211
24-Sep-01,0.2566,1.9088,3.0316,0.207,0.2413,0.194,1.3083,2.08,1.3284,1.0192,0.4903,0.0138,0.1778,1.1966,6.823,0.0707,0.4434,0.0141,1.2202,3.369,5.2027,0.3755,3.897,0.1409,1.3872,4.7318,0.976,8.6618,0.9858,3.2104,2.9099,1.1472,0.5602,2.4237,4.7318,9.5211
25-Sep-01,0.2556,1.8999,3.0249,0.2058,0.2397,0.1917,1.3107,2.08,1.3247,1.0132,0.49,0.0134,0.1785,1.1857,6.8233,0.0707,0.4431,0.0141,1.2147,3.369,5.2065,0.3755,3.8981,0.1408,1.3807,4.7097,0.9714,8.6214,0.9812,3.1954,2.8964,1.1419,0.5576,2.4124,4.7097,9.4767
26-Sep-01,0.2561,1.9045,3.0327,0.2046,0.2365,0.1935,1.3058,2.0755,1.3224,1.0243,0.4872,0.0133,0.177,1.1722,6.8105,0.0705,0.4422,0.014,1.2182,3.3639,5.1921,0.3747,3.8925,0.1406,1.3841,4.7211,0.9738,8.6422,0.9836,3.2031,2.9034,1.1446,0.5589,2.4182,4.7211,9.4996
27-Sep-01,0.2564,1.9059,3.0416,0.2045,0.2366,0.1925,1.2962,2.066,1.316,1.02,0.4873,0.0133,0.1761,1.1683,6.7847,0.0702,0.4401,0.0139,1.2188,3.3528,5.1673,0.3729,3.8725,0.1399,1.3851,4.7246,0.9745,8.6486,0.9843,3.2055,2.9055,1.1455,0.5593,2.42,4.7246,9.5066
28-Sep-01,0.2555,1.8992,3.0413,0.2036,0.2351,0.1912,1.2827,2.065,1.3139,1.0034,0.4856,0.0134,0.174,1.1722,6.7805,0.0701,0.4399,0.0139,1.2143,3.3458,5.1648,0.3727,3.8816,0.1398,1.3802,4.708,0.971,8.6182,0.9809,3.1942,2.8953,1.1414,0.5574,2.4115,4.708,9.4732
29-Sep-01,0.2533,1.8827,3.0233,0.2013,0.2319,0.1935,1.2772,2.061,1.3072,1.0171,0.4849,0.0136,0.173,1.1694,6.7649,0.07,0.4392,0.0139,1.204,3.3333,5.1551,0.3719,3.8701,0.1394,1.3682,4.6671,0.9626,8.5433,0.9723,3.1665,2.8702,1.1315,0.5525,2.3905,4.6671,9.3909
30-Sep-01,0.2533,1.8827,3.0233,0.2013,0.2319,0.1935,1.2772,2.061,1.3072,1.0171,0.4849,0.0136,0.173,1.1694,6.7649,0.07,0.4392,0.0139,1.204,3.3333,5.1551,0.3719,3.8701,0.1394,1.3682,4.6671,0.9626,8.5433,0.9723,3.1665,2.8702,1.1315,0.5525,2.3905,4.6671,9.3909
01-Oct-01,0.2533,1.8827,3.0233,0.2013,0.2319,0.1935,1.2772,2.061,1.3072,1.0171,0.4849,0.0136,0.173,1.1694,6.7649,0.07,0.4392,0.0139,1.204,3.3333,5.1551,0.3719,3.8701,0.1394,1.3682,4.6671,0.9626,8.5433,0.9723,3.1665,2.8702,1.1315,0.5525,2.3905,4.6671,9.3909
02-Oct-01,0.2545,1.8918,3.0596,0.2053,0.2343,0.1953,1.2807,2.078,1.3162,1.0234,0.4881,0.0136,0.1739,1.1767,6.8178,0.0705,0.4428,0.014,1.2099,3.357,5.1975,0.375,3.8987,0.1405,1.3748,4.6896,0.9673,8.5846,0.977,3.1818,2.884,1.137,0.5552,2.4021,4.6896,9.4363
03-Oct-01,0.2552,1.8971,3.0666,0.2075,0.235,0.1947,1.2819,2.072,1.3167,1.0238,0.4872,0.0134,0.1714,1.1652,6.7977,0.0703,0.4415,0.014,1.213,3.3506,5.1826,0.3739,3.8874,0.14,1.3787,4.7028,0.97,8.6087,0.9798,3.1907,2.8921,1.1402,0.5567,2.4088,4.7028,9.4627
04-Oct-01,0.2563,1.9048,3.0325,0.2056,0.2354,0.1951,1.2808,2.065,1.3182,1.0263,0.487,0.0131,0.1709,1.1601,6.7765,0.07,0.44,0.0139,1.218,3.3441,5.1651,0.3717,3.8743,0.1396,1.3843,4.7219,0.9739,8.6436,0.9837,3.2036,2.9038,1.1448,0.559,2.4186,4.7219,9.5011
05-Oct-01,0.2546,1.8928,3.046,0.2045,0.2349,0.1957,1.2759,2.07,1.3206,1.0317,0.4871,0.0131,0.172,1.1652,6.7925,0.0702,0.441,0.0139,1.2102,3.3457,5.1776,0.3726,3.875,0.1399,1.3756,4.6921,0.9678,8.5892,0.9775,3.1835,2.8856,1.1376,0.5555,2.4034,4.6921,9.4412
06-Oct-01,0.256,1.9045,3.0632,0.2031,0.2364,0.1948,1.2805,2.071,1.3189,1.0407,0.4873,0.0128,0.1719,1.1613,6.7973,0.0701,0.4412,0.014,1.2175,3.3587,5.184,0.3709,3.8883,0.1399,1.3841,4.7211,0.9738,8.6422,0.9836,3.2031,2.9034,1.1446,0.5589,2.4182,4.7211,9.4996
07-Oct-01,0.256,1.9045,3.0632,0.2031,0.2364,0.1948,1.2805,2.071,1.3189,1.0407,0.4873,0.0128,0.1719,1.1613,6.7973,0.0701,0.4412,0.014,1.2175,3.3587,5.184,0.3709,3.8883,0.1399,1.3841,4.7211,0.9738,8.6422,0.9836,3.2031,2.9034,1.1446,0.5589,2.4182,4.7211,9.4996
08-Oct-01,0.256,1.9045,3.0632,0.2031,0.2364,0.1948,1.2805,2.071,1.3189,1.0407,0.4873,0.0128,0.1719,1.1613,6.7973,0.0701,0.4412,0.014,1.2175,3.3587,5.184,0.3709,3.8883,0.1399,1.3841,4.7211,0.9738,8.6422,0.9836,3.2031,2.9034,1.1446,0.5589,2.4182,4.7211,9.4996
09-Oct-01,0.2569,1.909,3.0593,0.2033,0.2368,0.1965,1.2912,2.071,1.3254,1.0469,0.4873,0.0129,0.1727,1.1549,6.8006,0.0702,0.441,0.0139,1.2211,3.3686,5.1801,0.3709,3.8856,0.14,1.3873,4.7323,0.9761,8.6627,0.9859,3.2107,2.9103,1.1473,0.5602,2.4239,4.7323,9.5221
10-Oct-01,0.2586,1.9215,3.0733,0.2046,0.2389,0.1977,1.2996,2.085,1.3362,1.0563,0.4917,0.0128,0.1738,1.1603,6.8455,0.0706,0.4437,0.014,1.2286,3.3941,5.2151,0.3734,3.9082,0.141,1.3964,4.7633,0.9824,8.7194,0.9924,3.2317,2.9293,1.1548,0.5639,2.4398,4.7633,9.5844
11-Oct-01,0.2561,1.904,3.0412,0.2026,0.2386,0.1977,1.2851,2.085,1.3318,1.0444,0.4897,0.0128,0.1731,1.157,6.8367,0.0706,0.4433,0.014,1.2215,3.3814,5.2152,0.3734,3.9229,0.141,1.3837,4.7199,0.9735,8.64,0.9833,3.2023,2.9026,1.1443,0.5588,2.4176,4.7199,9.4971
12-Oct-01,0.2554,1.898,3.0233,0.2062,0.2381,0.198,1.2772,2.085,1.3303,1.0406,0.49,0.0129,0.1732,1.1452,6.8338,0.0706,0.4431,0.014,1.214,3.3765,5.2151,0.3724,3.8972,0.141,1.3793,4.705,0.9704,8.6127,0.9802,3.1922,2.8935,1.1407,0.557,2.41,4.705,9.4672
13-Oct-01,0.2533,1.8836,3.0162,0.2066,0.2372,0.1979,1.2699,2.085,1.3336,1.0435,0.4915,0.0134,0.172,1.145,6.8262,0.0706,0.4429,0.014,1.2034,3.3645,5.215,0.3723,3.8972,0.1409,1.3689,4.6693,0.9631,8.5474,0.9728,3.168,2.8715,1.1321,0.5528,2.3917,4.6693,9.3954
14-Oct-01,0.2533,1.8836,3.0162,0.2066,0.2372,0.1979,1.2699,2.085,1.3336,1.0435,0.4915,0.0134,0.172,1.145,6.8262,0.0706,0.4429,0.014,1.2034,3.3645,5.215,0.3723,3.8972,0.1409,1.3689,4.6693,0.9631,8.5474,0.9728,3.168,2.8715,1.1321,0.5528,2.3917,4.6693,9.3954
15-Oct-01,0.2533,1.8836,3.0162,0.2066,0.2372,0.1979,1.2699,2.085,1.3336,1.0435,0.4915,0.0134,0.172,1.145,6.8262,0.0706,0.4429,0.014,1.2034,3.3645,5.215,0.3723,3.8972,0.1409,1.3689,4.6693,0.9631,8.5474,0.9728,3.168,2.8715,1.1321,0.5528,2.3917,4.6693,9.3954
16-Oct-01,0.2549,1.8947,3.015,0.2075,0.2379,0.199,1.2819,2.08,1.333,1.0702,0.4888,0.013,0.1719,1.144,6.8168,0.0704,0.4418,0.014,1.2121,3.3668,5.2025,0.3704,3.8951,0.1405,1.3769,4.6968,0.9687,8.5978,0.9785,3.1867,2.8885,1.1387,0.556,2.4058,4.6968,9.4507
17-Oct-01,0.2536,1.8855,3.0118,0.2066,0.2372,0.199,1.275,2.08,1.334,1.0685,0.4888,0.0128,0.1718,1.1477,6.815,0.0704,0.4416,0.0139,1.2057,3.3613,5.2026,0.3703,3.9205,0.1406,1.3702,4.674,0.964,8.556,0.9738,3.1712,2.8744,1.1332,0.5533,2.3941,4.674,9.4048
18-Oct-01,0.2531,1.8814,3.0083,0.2044,0.2363,0.1991,1.2689,2.08,1.3292,1.0683,0.4888,0.0128,0.171,1.1436,6.8105,0.0704,0.4414,0.0139,1.2031,3.3565,5.2023,0.3691,3.8864,0.1405,1.3673,4.6639,0.9619,8.5374,0.9717,3.1643,2.8682,1.1307,0.5521,2.3889,4.6639,9.3844
19-Oct-01,0.2526,1.8775,3.0166,0.2023,0.2364,0.1976,1.2695,2.082,1.325,1.0562,0.4893,0.0128,0.1723,1.1491,6.8197,0.0704,0.4419,0.0139,1.201,3.3597,5.2076,0.3689,3.8887,0.1407,1.3644,4.6542,0.96,8.5197,0.9696,3.1577,2.8622,1.1284,0.551,2.3839,4.6542,9.3649
20-Oct-01,0.2529,1.8799,3.0034,0.2029,0.2358,0.1994,1.2723,2.0851,1.3215,1.0584,0.4903,0.0128,0.172,1.146,6.8268,0.0705,0.4425,0.0139,1.2022,3.3609,5.2141,0.3692,3.9633,0.1409,1.3662,4.6602,0.9612,8.5306,0.9709,3.1618,2.8659,1.1298,0.5517,2.387,4.6602,9.3769
21-Oct-01,0.2529,1.8799,3.0034,0.2029,0.2358,0.1994,1.2723,2.0851,1.3215,1.0584,0.4903,0.0128,0.172,1.146,6.8268,0.0705,0.4425,0.0139,1.2022,3.3609,5.2141,0.3692,3.9633,0.1409,1.3662,4.6602,0.9612,8.5306,0.9709,3.1618,2.8659,1.1298,0.5517,2.387,4.6602,9.3769
22-Oct-01,0.2529,1.8799,3.0034,0.2029,0.2358,0.1994,1.2723,2.0851,1.3215,1.0584,0.4903,0.0128,0.172,1.146,6.8268,0.0705,0.4425,0.0139,1.2022,3.3609,5.2141,0.3692,3.9633,0.1409,1.3662,4.6602,0.9612,8.5306,0.9709,3.1618,2.8659,1.1298,0.5517,2.387,4.6602,9.3769
23-Oct-01,0.2523,1.8764,2.9934,0.2028,0.2355,0.1978,1.2711,2.087,1.3252,1.06,0.4911,0.0127,0.1717,1.1437,6.8278,0.0706,0.4429,0.0139,1.1997,3.358,5.2195,0.3706,3.9677,0.141,1.3636,4.6515,0.9594,8.5147,0.9691,3.1559,2.8606,1.1277,0.5507,2.3825,4.6515,9.3594
24-Oct-01,0.2503,1.861,2.9708,0.2018,0.2341,0.1958,1.2557,2.087,1.3223,1.061,0.4922,0.013,0.1701,1.1434,6.8163,0.0706,0.4425,0.0139,1.1899,3.344,5.2193,0.3706,3.8937,0.141,1.3524,4.6133,0.9515,8.4448,0.9611,3.13,2.8371,1.1185,0.5461,2.363,4.6133,9.2826
25-Oct-01,0.2507,1.8639,2.9849,0.2006,0.2343,0.196,1.2611,2.09,1.3305,1.0611,0.4918,0.0131,0.1707,1.1451,6.8258,0.0706,0.4431,0.0139,1.1918,3.3494,5.2267,0.3712,3.9065,0.1412,1.3545,4.6205,0.953,8.458,0.9626,3.1349,2.8415,1.1202,0.547,2.3667,4.6205,9.2971
26-Oct-01,0.2506,1.8622,2.9835,0.1997,0.2345,0.1972,1.2587,2.09,1.3278,1.058,0.4918,0.013,0.1699,1.1431,6.8254,0.0706,0.4431,0.0138,1.1911,3.3477,5.2262,0.3711,3.8768,0.1411,1.3533,4.6163,0.9521,8.4503,0.9617,3.132,2.8389,1.1192,0.5465,2.3645,4.6163,9.2886
27-Oct-01,0.2506,1.8624,2.9783,0.1981,0.2342,0.198,1.2631,2.0848,1.3245,1.0474,0.4917,0.0131,0.17,1.1411,6.8126,0.0703,0.4417,0.0138,1.1911,3.3437,5.2133,0.3703,3.8679,0.1408,1.3535,4.6168,0.9522,8.4512,0.9618,3.1323,2.8392,1.1193,0.5466,2.3648,4.6168,9.2896
28-Oct-01,0.2506,1.8624,2.9783,0.1981,0.2342,0.198,1.2631,2.0848,1.3245,1.0474,0.4917,0.0131,0.17,1.1411,6.8126,0.0703,0.4417,0.0138,1.1911,3.3437,5.2133,0.3703,3.8679,0.1408,1.3535,4.6168,0.9522,8.4512,0.9618,3.1323,2.8392,1.1193,0.5466,2.3648,4.6168,9.2896
29-Oct-01,0.2506,1.8624,2.9783,0.1981,0.2342,0.198,1.2631,2.0848,1.3245,1.0474,0.4917,0.0131,0.17,1.1411,6.8126,0.0703,0.4417,0.0138,1.1911,3.3437,5.2133,0.3703,3.8679,0.1408,1.3535,4.6168,0.9522,8.4512,0.9618,3.1323,2.8392,1.1193,0.5466,2.3648,4.6168,9.2896
30-Oct-01,0.2517,1.8707,3.0105,0.1994,0.2347,0.1974,1.2683,2.0848,1.3227,1.0493,0.4905,0.013,0.1705,1.1392,6.8164,0.0702,0.4414,0.0138,1.1962,3.3523,5.2146,0.3703,3.8672,0.1408,1.3595,4.6373,0.9565,8.4889,0.9661,3.1463,2.8519,1.1243,0.549,2.3753,4.6373,9.331
31-Oct-01,0.2537,1.8862,3.0318,0.2006,0.2365,0.1971,1.2809,2.0847,1.3229,1.0588,0.4894,0.0129,0.1711,1.1435,6.8252,0.0702,0.4414,0.0138,1.2061,3.3635,5.2144,0.3703,3.8706,0.1408,1.3708,4.6758,0.9644,8.5592,0.9741,3.1724,2.8755,1.1336,0.5535,2.395,4.6758,9.4083
01-Nov-01,0.2538,1.8888,3.0321,0.2014,0.2364,0.1968,1.2849,2.0848,1.3208,1.053,0.4905,0.0131,0.1711,1.1469,6.8271,0.0702,0.4414,0.0138,1.2071,3.3653,5.2145,0.3703,3.8896,0.1408,1.3726,4.6822,0.9657,8.571,0.9755,3.1767,2.8795,1.1352,0.5543,2.3983,4.6822,9.4213
02-Nov-01,0.2527,1.8807,3.03,0.1997,0.235,0.1964,1.2787,2.0848,1.3118,1.0566,0.4905,0.0132,0.1705,1.1407,6.8236,0.0701,0.4416,0.0138,1.2024,3.3604,5.2223,0.3702,3.8816,0.1406,1.3668,4.6621,0.9616,8.5342,0.9713,3.1631,2.8671,1.1303,0.5519,2.388,4.6621,9.3809
03-Nov-01,0.2545,1.8935,3.0679,0.2007,0.2379,0.1988,1.2868,2.095,1.3127,1.0622,0.4924,0.0133,0.1724,1.1451,6.8621,0.0704,0.4437,0.0138,1.2112,3.3839,5.2479,0.372,3.9566,0.1411,1.3761,4.6939,0.9681,8.5923,0.9779,3.1846,2.8866,1.138,0.5557,2.4042,4.6939,9.4447
04-Nov-01,0.2545,1.8935,3.0679,0.2007,0.2379,0.1988,1.2868,2.095,1.3127,1.0622,0.4924,0.0133,0.1724,1.1451,6.8621,0.0704,0.4437,0.0138,1.2112,3.3839,5.2479,0.372,3.9566,0.1411,1.3761,4.6939,0.9681,8.5923,0.9779,3.1846,2.8866,1.138,0.5557,2.4042,4.6939,9.4447
05-Nov-01,0.2545,1.8935,3.0679,0.2007,0.2379,0.1988,1.2868,2.095,1.3127,1.0622,0.4924,0.0133,0.1724,1.1451,6.8621,0.0704,0.4437,0.0138,1.2112,3.3839,5.2479,0.372,3.9566,0.1411,1.3761,4.6939,0.9681,8.5923,0.9779,3.1846,2.8866,1.138,0.5557,2.4042,4.6939,9.4447
06-Nov-01,0.2521,1.8767,3.0447,0.199,0.236,0.1974,1.2759,2.092,1.3146,1.0617,0.4917,0.0134,0.1718,1.1505,6.846,0.0703,0.4428,0.0137,1.2002,3.3677,5.2313,0.3715,3.9176,0.1407,1.3639,4.6522,0.9595,8.5161,0.9692,3.1564,2.861,1.1279,0.5508,2.3829,4.6522,9.3609
07-Nov-01,0.2531,1.8838,3.0633,0.1984,0.2377,0.1993,1.2792,2.0999,1.3185,1.0722,0.4927,0.0137,0.1727,1.151,6.8748,0.0706,0.4441,0.0138,1.2049,3.3809,5.2511,0.3729,3.9112,0.1413,1.369,4.6698,0.9632,8.5483,0.9729,3.1683,2.8718,1.1322,0.5528,2.3919,4.6698,9.3964
08-Nov-01,0.2556,1.9023,3.091,0.1998,0.239,0.2005,1.2919,2.108,1.3235,1.0825,0.496,0.0137,0.1742,1.1605,6.9054,0.071,0.4457,0.0139,1.216,3.4011,5.2712,0.374,3.9774,0.1419,1.3825,4.7157,0.9726,8.6323,0.9825,3.1994,2.9,1.1433,0.5583,2.4154,4.7157,9.4886
09-Nov-01,0.257,1.9149,3.1282,0.2025,0.2417,0.2037,1.3045,2.135,1.3386,1.0976,0.5006,0.0138,0.177,1.1753,6.9911,0.0718,0.4514,0.014,1.2241,3.4397,5.3382,0.3788,3.9981,0.1438,1.3916,4.7469,0.9791,8.6894,0.989,3.2206,2.9192,1.1509,0.562,2.4314,4.7469,9.5515
10-Nov-01,0.2565,1.9091,3.1139,0.2059,0.2423,0.2027,1.3019,2.145,1.3415,1.0978,0.5047,0.014,0.1784,1.1741,7.0183,0.0721,0.4531,0.0141,1.2211,3.4497,5.3632,0.3805,4.0169,0.1445,1.3874,4.7325,0.9761,8.6631,0.986,3.2109,2.9104,1.1474,0.5603,2.4241,4.7325,9.5226
11-Nov-01,0.2565,1.9091,3.1139,0.2059,0.2423,0.2027,1.3019,2.145,1.3415,1.0978,0.5047,0.014,0.1784,1.1741,7.0183,0.0721,0.4531,0.0141,1.2211,3.4497,5.3632,0.3805,4.0169,0.1445,1.3874,4.7325,0.9761,8.6631,0.986,3.2109,2.9104,1.1474,0.5603,2.4241,4.7325,9.5226
12-Nov-01,0.2565,1.9091,3.1139,0.2059,0.2423,0.2027,1.3019,2.145,1.3415,1.0978,0.5047,0.014,0.1784,1.1741,7.0183,0.0721,0.4531,0.0141,1.2211,3.4497,5.3632,0.3805,4.0169,0.1445,1.3874,4.7325,0.9761,8.6631,0.986,3.2109,2.9104,1.1474,0.5603,2.4241,4.7325,9.5226
13-Nov-01,0.2561,1.9074,3.1096,0.2041,0.2425,0.2033,1.3034,2.135,1.3335,1.1089,0.5024,0.0137,0.177,1.1698,6.9888,0.0718,0.451,0.014,1.2197,3.438,5.3376,0.3788,4.0056,0.1438,1.3862,4.7283,0.9752,8.6554,0.9851,3.208,2.9078,1.1464,0.5598,2.4219,4.7283,9.5141
14-Nov-01,0.2544,1.8946,3.0953,0.201,0.2406,0.202,1.2932,2.136,1.3324,1.1071,0.5026,0.0136,0.1762,1.1704,6.9877,0.0718,0.4512,0.014,1.2114,3.428,5.3403,0.3785,4.0075,0.1439,1.3769,4.6966,0.9687,8.5973,0.9785,3.1865,2.8883,1.1387,0.556,2.4056,4.6966,9.4502
15-Nov-01,0.252,1.8753,3.0712,0.1988,0.2389,0.2011,1.2735,2.131,1.3385,1.112,0.5014,0.0137,0.1749,1.1668,6.959,0.0716,0.4499,0.014,1.1993,3.4069,5.3278,0.3775,3.9906,0.1435,1.3628,4.6487,0.9588,8.5097,0.9685,3.154,2.8589,1.1271,0.5503,2.3811,4.6487,9.354
16-Nov-01,0.2537,1.8872,3.0806,0.1997,0.2395,0.203,1.2841,2.1399,1.3447,1.1089,0.5032,0.014,0.1752,1.1683,6.9895,0.0718,0.4516,0.014,1.2072,3.4222,5.35,0.379,4.0513,0.1441,1.3715,4.6782,0.9649,8.5637,0.9747,3.174,2.877,1.1342,0.5538,2.3962,4.6782,9.4133
17-Nov-01,0.2535,1.8859,3.0576,0.2002,0.238,0.2017,1.2846,2.131,1.3406,1.1088,0.5011,0.0142,0.1746,1.1611,6.9622,0.0714,0.4493,0.0139,1.2064,3.4118,5.3282,0.3776,4.0398,0.1434,1.3705,4.675,0.9642,8.5578,0.974,3.1719,2.875,1.1334,0.5535,2.3946,4.675,9.4068
18-Nov-01,0.2535,1.8859,3.0576,0.2002,0.238,0.2017,1.2846,2.131,1.3406,1.1088,0.5011,0.0142,0.1746,1.1611,6.9622,0.0714,0.4493,0.0139,1.2064,3.4118,5.3282,0.3776,4.0398,0.1434,1.3705,4.675,0.9642,8.5578,0.974,3.1719,2.875,1.1334,0.5535,2.3946,4.675,9.4068
19-Nov-01,0.2535,1.8859,3.0576,0.2002,0.238,0.2017,1.2846,2.131,1.3406,1.1088,0.5011,0.0142,0.1746,1.1611,6.9622,0.0714,0.4493,0.0139,1.2064,3.4118,5.3282,0.3776,4.0398,0.1434,1.3705,4.675,0.9642,8.5578,0.974,3.1719,2.875,1.1334,0.5535,2.3946,4.675,9.4068
20-Nov-01,0.2547,1.8957,3.063,0.2007,0.2393,0.2023,1.2929,2.151,1.357,1.1239,0.5047,0.0144,0.1748,1.1674,7.0207,0.072,0.4538,0.014,1.212,3.4317,5.3786,0.3809,4.0334,0.1448,1.3777,4.6993,0.9693,8.6023,0.979,3.1883,2.89,1.1393,0.5563,2.407,4.6993,9.4557
21-Nov-01,0.255,1.8976,3.0443,0.2,0.2396,0.2027,1.301,2.151,1.3522,1.1213,0.5049,0.0149,0.1747,1.171,7.0161,0.0718,0.4538,0.014,1.2133,3.4301,5.3787,0.3809,4.0855,0.1449,1.379,4.704,0.9702,8.6109,0.98,3.1915,2.8929,1.1405,0.5569,2.4095,4.704,9.4652
22-Nov-01,0.2564,1.9073,3.0706,0.1986,0.2415,0.2027,1.3089,2.1671,1.3559,1.121,0.5085,0.0147,0.1758,1.1787,7.0661,0.0723,0.4567,0.0141,1.2199,3.4541,5.4191,0.3834,4.12,0.1459,1.3861,4.7281,0.9752,8.655,0.985,3.2078,2.9077,1.1463,0.5597,2.4218,4.7281,9.5136
23-Nov-01,0.2553,1.8998,3.0641,0.1974,0.241,0.2025,1.3057,2.165,1.3526,1.118,0.507,0.0146,0.1755,1.1777,7.0597,0.0723,0.456,0.0141,1.2143,3.4453,5.4139,0.3828,4.116,0.1458,1.3806,4.7095,0.9714,8.6209,0.9812,3.1952,2.8962,1.1418,0.5575,2.4122,4.7095,9.4762
24-Nov-01,0.2553,1.8998,3.0641,0.1974,0.241,0.2025,1.3057,2.165,1.3526,1.118,0.507,0.0146,0.1755,1.1777,7.0597,0.0723,0.456,0.0141,1.2143,3.4453,5.4139,0.3828,4.116,0.1458,1.3806,4.7095,0.9714,8.6209,0.9812,3.1952,2.8962,1.1418,0.5575,2.4122,4.7095,9.4762
25-Nov-01,0.2553,1.8998,3.0641,0.1974,0.241,0.2025,1.3057,2.165,1.3526,1.118,0.507,0.0146,0.1755,1.1777,7.0597,0.0723,0.456,0.0141,1.2143,3.4453,5.4139,0.3828,4.116,0.1458,1.3806,4.7095,0.9714,8.6209,0.9812,3.1952,2.8962,1.1418,0.5575,2.4122,4.7095,9.4762
26-Nov-01,0.2553,1.8998,3.0641,0.1974,0.241,0.2025,1.3057,2.165,1.3526,1.118,0.507,0.0146,0.1755,1.1777,7.0597,0.0723,0.456,0.0141,1.2143,3.4453,5.4139,0.3828,4.116,0.1458,1.3806,4.7095,0.9714,8.6209,0.9812,3.1952,2.8962,1.1418,0.5575,2.4122,4.7095,9.4762
27-Nov-01,0.255,1.898,3.0496,0.1953,0.2385,0.2031,1.2963,2.15,1.3458,1.1137,0.5056,0.0145,0.1736,1.1739,7.0103,0.0718,0.4528,0.0139,1.2122,3.4247,5.3763,0.38,4.0285,0.1447,1.3793,4.705,0.9704,8.6127,0.9802,3.1922,2.8935,1.1407,0.557,2.41,4.705,9.4672
28-Nov-01,0.2515,1.8712,2.9931,0.1927,0.235,0.2005,1.2774,2.1252,1.3325,1.106,0.4977,0.0144,0.1708,1.1583,6.9236,0.071,0.4476,0.0138,1.1963,3.3808,5.3143,0.3756,4.0388,0.1431,1.3599,4.6386,0.9567,8.4911,0.9664,3.1471,2.8526,1.1246,0.5491,2.3759,4.6386,9.3335
29-Nov-01,0.253,1.8814,3.0115,0.1937,0.2367,0.2006,1.2912,2.1251,1.3339,1.1125,0.4997,0.0145,0.1724,1.1597,6.9337,0.0709,0.4476,0.0138,1.2027,3.3909,5.3139,0.3752,3.9871,0.1431,1.3673,4.6639,0.9619,8.5374,0.9717,3.1643,2.8682,1.1307,0.5521,2.3889,4.6639,9.3844
30-Nov-01,0.2535,1.886,3.0306,0.1938,0.2377,0.1991,1.291,2.1251,1.3418,1.1021,0.4977,0.0144,0.1725,1.161,6.9357,0.0709,0.4472,0.0138,1.2057,3.3958,5.3142,0.3751,3.9796,0.1429,1.3706,4.6753,0.9643,8.5583,0.974,3.172,2.8752,1.1335,0.5535,2.3947,4.6753,9.4073
01-Dec-01,0.2552,1.898,3.0519,0.1974,0.2385,0.2007,1.29,2.14,1.3561,1.1107,0.5032,0.0144,0.1726,1.1691,6.9873,0.0714,0.4503,0.0139,1.2133,3.418,5.3513,0.3778,4.0503,0.1436,1.3793,4.705,0.9704,8.6127,0.9802,3.1922,2.8935,1.1407,0.557,2.41,4.705,9.4672
02-Dec-01,0.2552,1.898,3.0519,0.1974,0.2385,0.2007,1.29,2.14,1.3561,1.1107,0.5032,0.0144,0.1726,1.1691,6.9873,0.0714,0.4503,0.0139,1.2133,3.418,5.3513,0.3778,4.0503,0.1436,1.3793,4.705,0.9704,8.6127,0.9802,3.1922,2.8935,1.1407,0.557,2.41,4.705,9.4672
03-Dec-01,0.2552,1.898,3.0519,0.1974,0.2385,0.2007,1.29,2.14,1.3561,1.1107,0.5032,0.0144,0.1726,1.1691,6.9873,0.0714,0.4503,0.0139,1.2133,3.418,5.3513,0.3778,4.0503,0.1436,1.3793,4.705,0.9704,8.6127,0.9802,3.1922,2.8935,1.1407,0.557,2.41,4.705,9.4672
04-Dec-01,0.2575,1.9164,3.0475,0.2001,0.2397,0.1995,1.3006,2.1395,1.3602,1.1157,0.5029,0.0144,0.1732,1.1669,6.9864,0.0714,0.4502,0.0138,1.225,3.4254,5.3501,0.3777,3.9983,0.1433,1.3927,4.7506,0.9798,8.6962,0.9897,3.2232,2.9215,1.1518,0.5624,2.4333,4.7506,9.559
05-Dec-01,0.2592,1.9284,3.0797,0.2028,0.2415,0.2027,1.3089,2.165,1.373,1.1156,0.5076,0.0146,0.1747,1.1786,7.0648,0.0723,0.4556,0.0139,1.2331,3.4585,5.4139,0.3822,4.0926,0.1448,1.4014,4.7804,0.986,8.7507,0.9959,3.2433,2.9398,1.159,0.5659,2.4486,4.7804,9.6188
06-Dec-01,0.2595,1.9318,3.0781,0.2009,0.2417,0.2041,1.3101,2.1625,1.3747,1.1141,0.5085,0.0147,0.1744,1.179,7.0591,0.0722,0.4548,0.014,1.235,3.4583,5.4076,0.3817,4.0534,0.1446,1.4039,4.7888,0.9877,8.7661,0.9977,3.2491,2.945,1.161,0.5669,2.4529,4.7888,9.6358
07-Dec-01,0.2588,1.9265,3.0729,0.1997,0.2415,0.2058,1.3086,2.17,1.3764,1.1208,0.5085,0.015,0.1741,1.1824,7.0762,0.0724,0.4564,0.0139,1.2319,3.4604,5.4262,0.383,4.0744,0.145,1.4,4.7757,0.985,8.7421,0.995,3.2401,2.9369,1.1578,0.5654,2.4462,4.7757,9.6093
08-Dec-01,0.2604,1.938,3.0959,0.1991,0.2428,0.2073,1.3132,2.17,1.3795,1.1245,0.5088,0.015,0.1738,1.1855,7.0804,0.0722,0.4564,0.0139,1.2392,3.4692,5.4265,0.383,4.0943,0.1446,1.4084,4.8042,0.9909,8.7943,1.0009,3.2595,2.9545,1.1648,0.5687,2.4608,4.8042,9.6667
09-Dec-01,0.2604,1.938,3.0959,0.1991,0.2428,0.2073,1.3132,2.17,1.3795,1.1245,0.5088,0.015,0.1738,1.1855,7.0804,0.0722,0.4564,0.0139,1.2392,3.4692,5.4265,0.383,4.0943,0.1446,1.4084,4.8042,0.9909,8.7943,1.0009,3.2595,2.9545,1.1648,0.5687,2.4608,4.8042,9.6667
10-Dec-01,0.2604,1.938,3.0959,0.1991,0.2428,0.2073,1.3132,2.17,1.3795,1.1245,0.5088,0.015,0.1738,1.1855,7.0804,0.0722,0.4564,0.0139,1.2392,3.4692,5.4265,0.383,4.0943,0.1446,1.4084,4.8042,0.9909,8.7943,1.0009,3.2595,2.9545,1.1648,0.5687,2.4608,4.8042,9.6667
11-Dec-01,0.2596,1.9323,3.1084,0.2009,0.242,0.2067,1.3071,2.1699,1.3775,1.1201,0.5103,0.0149,0.1723,1.1833,7.0755,0.0721,0.4561,0.0139,1.2354,3.4646,5.4258,0.3832,4.0969,0.1446,1.4043,4.79,0.988,8.7684,0.9979,3.2499,2.9458,1.1613,0.5671,2.4535,4.79,9.6383
12-Dec-01,0.2598,1.9334,3.1119,0.2009,0.2412,0.2067,1.3065,2.1699,1.3749,1.1173,0.5103,0.0151,0.1721,1.1848,7.0791,0.0721,0.4561,0.0139,1.2361,3.4646,5.4261,0.3835,4.0688,0.1447,1.4051,4.7928,0.9885,8.7734,0.9985,3.2517,2.9474,1.162,0.5674,2.4549,4.7928,9.6438
13-Dec-01,0.2615,1.9475,3.1346,0.2073,0.2431,0.2074,1.318,2.175,1.3875,1.1286,0.5094,0.0155,0.1729,1.1883,7.0993,0.0717,0.4571,0.014,1.2395,3.4415,5.4375,0.3844,4.1057,0.1455,1.4153,4.8277,0.9957,8.8374,1.0058,3.2755,2.9689,1.1705,0.5715,2.4728,4.8277,9.7141
14-Dec-01,0.2628,1.9565,3.1497,0.2094,0.2443,0.2087,1.3259,2.1799,1.3918,1.134,0.4823,0.0154,0.1726,1.1907,7.1166,0.0721,0.4579,0.0139,1.2512,3.4901,5.4511,0.386,4.1208,0.1455,1.4218,4.85,1.0003,8.8782,1.0104,3.2906,2.9827,1.1759,0.5742,2.4842,4.85,9.759
15-Dec-01,0.2633,1.9599,3.1506,0.2084,0.2444,0.2082,1.3301,2.1799,1.3907,1.1303,0.4844,0.0156,0.1708,1.1887,7.1139,0.0719,0.4579,0.0139,1.2534,3.4867,5.4511,0.386,4.1247,0.1451,1.4243,4.8585,1.0021,8.8936,1.0122,3.2963,2.9878,1.1779,0.5752,2.4886,4.8585,9.7759
16-Dec-01,0.2633,1.9599,3.1506,0.2084,0.2444,0.2082,1.3301,2.1799,1.3907,1.1303,0.4844,0.0156,0.1708,1.1887,7.1139,0.0719,0.4579,0.0139,1.2534,3.4867,5.4511,0.386,4.1247,0.1451,1.4243,4.8585,1.0021,8.8936,1.0122,3.2963,2.9878,1.1779,0.5752,2.4886,4.8585,9.7759
17-Dec-01,0.2633,1.9599,3.1506,0.2084,0.2444,0.2082,1.3301,2.1799,1.3907,1.1303,0.4844,0.0156,0.1708,1.1887,7.1139,0.0719,0.4579,0.0139,1.2534,3.4867,5.4511,0.386,4.1247,0.1451,1.4243,4.8585,1.0021,8.8936,1.0122,3.2963,2.9878,1.1779,0.5752,2.4886,4.8585,9.7759
18-Dec-01,0.2644,1.9684,3.1687,0.211,0.2453,0.2072,1.3379,2.1799,1.3967,1.1296,0.4833,0.0151,0.1707,1.186,7.1208,0.0717,0.4577,0.0139,1.2587,3.4945,5.451,0.3859,4.0807,0.1451,1.4305,4.8795,1.0064,8.9322,1.0166,3.3106,3.0008,1.183,0.5777,2.4994,4.8795,9.8183
19-Dec-01,0.2625,1.952,3.1558,0.2114,0.2438,0.2072,1.3236,2.167,1.3837,1.1227,0.4794,0.015,0.1688,1.1786,7.075,0.0715,0.4549,0.0138,1.2485,3.47,5.4183,0.3836,4.0964,0.1442,1.4186,4.8389,0.998,8.8578,1.0081,3.283,2.9758,1.1732,0.5729,2.4785,4.8389,9.7365
20-Dec-01,0.2611,1.941,3.1366,0.213,0.2432,0.2051,1.3163,2.155,1.3704,1.1087,0.4726,0.0149,0.1686,1.1744,7.037,0.0712,0.4524,0.0137,1.2415,3.453,5.3884,0.3815,4.0432,0.1432,1.4106,4.8116,0.9924,8.8079,1.0024,3.2645,2.959,1.1666,0.5696,2.4646,4.8116,9.6817
21-Dec-01,0.2572,1.9155,3.0832,0.2123,0.2398,0.2025,1.3034,2.13,1.3514,1.0831,0.4671,0.0144,0.1664,1.1609,6.9519,0.0703,0.4471,0.0135,1.2251,3.4085,5.3263,0.3771,4.0242,0.1416,1.392,4.7484,0.9794,8.6922,0.9893,3.2216,2.9202,1.1512,0.5621,2.4322,4.7484,9.5545
22-Dec-01,0.2545,1.8933,3.0614,0.208,0.2367,0.1979,1.2911,2.11,1.3368,1.071,0.4658,0.0144,0.1629,1.1476,6.8822,0.0699,0.4429,0.0134,1.2104,3.369,5.2762,0.3735,3.9887,0.14,1.3759,4.6934,0.968,8.5914,0.9778,3.1843,2.8863,1.1379,0.5556,2.404,4.6934,9.4437
23-Dec-01,0.2545,1.8933,3.0614,0.208,0.2367,0.1979,1.2911,2.11,1.3368,1.071,0.4658,0.0144,0.1629,1.1476,6.8822,0.0699,0.4429,0.0134,1.2104,3.369,5.2762,0.3735,3.9887,0.14,1.3759,4.6934,0.968,8.5914,0.9778,3.1843,2.8863,1.1379,0.5556,2.404,4.6934,9.4437
24-Dec-01,0.2545,1.8933,3.0614,0.208,0.2367,0.1979,1.2911,2.11,1.3368,1.071,0.4658,0.0144,0.1629,1.1476,6.8822,0.0699,0.4429,0.0134,1.2104,3.369,5.2762,0.3735,3.9887,0.14,1.3759,4.6934,0.968,8.5914,0.9778,3.1843,2.8863,1.1379,0.5556,2.404,4.6934,9.4437
25-Dec-01,0.2493,1.8538,3.0055,0.2054,0.2315,0.1957,1.2631,2.085,1.3142,1.0598,0.4613,0.0141,0.1612,1.135,6.7935,0.0689,0.4371,0.0132,1.1851,3.319,5.2138,0.3693,3.9403,0.1383,1.3472,4.5955,0.9478,8.4122,0.9574,3.1179,2.8261,1.1142,0.544,2.3538,4.5955,9.2467
26-Dec-01,0.2442,1.8202,2.987,0.2027,0.2278,0.1916,1.2261,2.07,1.2982,1.0516,0.4549,0.0142,0.1584,1.1238,6.7306,0.0686,0.434,0.0131,1.1641,3.2789,5.1763,0.3673,3.8764,0.1373,1.3228,4.5122,0.9307,8.2597,0.9401,3.0614,2.7749,1.094,0.5342,2.3112,4.5122,9.0791
27-Dec-01,0.2451,1.8245,2.9901,0.203,0.2288,0.192,1.2301,2.07,1.2981,1.0511,0.4559,0.0145,0.1584,1.1238,6.7319,0.0685,0.4341,0.013,1.1668,3.2826,5.1763,0.3674,3.8771,0.1373,1.3259,4.5228,0.9329,8.2792,0.9423,3.0686,2.7814,1.0965,0.5354,2.3166,4.5228,9.1006
28-Dec-01,0.2452,1.8228,2.9943,0.2029,0.2285,0.1927,1.2335,2.07,1.2958,1.0509,0.4549,0.0143,0.1572,1.1189,6.7482,0.068,0.4341,0.013,1.1657,3.2789,5.1763,0.3674,3.88,0.1372,1.3247,4.5186,0.932,8.2715,0.9414,3.0657,2.7788,1.0955,0.5349,2.3145,4.5186,9.0921
29-Dec-01,0.2446,1.8188,2.9858,0.2,0.2283,0.1932,1.2284,2.06,1.292,1.0475,0.4508,0.0143,0.1569,1.1117,6.7066,0.0683,0.4315,0.0129,1.1626,3.2652,5.1552,0.3662,3.8881,0.1365,1.3218,4.5087,0.9299,8.2534,0.9393,3.059,2.7727,1.0931,0.5338,2.3094,4.5087,9.0721
30-Dec-01,0.2446,1.8188,2.9858,0.2,0.2283,0.1932,1.2284,2.06,1.292,1.0475,0.4508,0.0143,0.1569,1.1117,6.7066,0.0683,0.4315,0.0129,1.1626,3.2652,5.1552,0.3662,3.8881,0.1365,1.3218,4.5087,0.9299,8.2534,0.9393,3.059,2.7727,1.0931,0.5338,2.3094,4.5087,9.0721
31-Dec-01,0.2446,1.8188,2.9858,0.2,0.2283,0.1932,1.2284,2.06,1.292,1.0475,0.4508,0.0143,0.1569,1.1117,6.7066,0.0683,0.4315,0.0129,1.1626,3.2652,5.1552,0.3662,3.8881,0.1365,1.3218,4.5087,0.9299,8.2534,0.9393,3.059,2.7727,1.0931,0.5338,2.3094,4.5087,9.0721
